,name,id,gender,genre_id_disc,vote_average,profit
0,Samuel L. Jackson,2231,2,80,6.5,240000000.0
1,Matt Damon,1892,2,18,7.0,130000000.0
2,Robert De Niro,380,2,80,7.0,70000000.0
3,Morgan Freeman,192,2,18,7.0,170000000.0
4,Johnny Depp,85,2,35,6.5,150000000.0
5,Bruce Willis,62,2,80,6.5,120000000.0
6,Liam Neeson,3896,2,80,6.5,170000000.0
7,Brad Pitt,287,2,18,7.0,130000000.0
8,Steve Buscemi,884,2,18,6.5,110000000.0
9,Jim Broadbent,388,2,18,6.5,100000000.0
10,Bill Hader,19278,2,35,6.5,160000000.0
11,Tom Cruise,500,2,18,6.5,210000000.0
12,Bill Murray,1532,2,18,6.5,80000000.0
13,Antonio Banderas,3131,2,28,6.0,130000000.0
14,Tom Hanks,31,2,18,7.0,240000000.0
15,George Clooney,1461,2,80,6.5,100000000.0
16,Philip Seymour Hoffman,1233,2,18,7.0,120000000.0
17,Brian Cox,1248,2,18,6.5,70000000.0
18,Stan Lee,7624,2,28,6.5,480000000.0
19,Owen Wilson,887,2,35,6.0,120000000.0
20,Paul Giamatti,13242,2,18,6.5,110000000.0
21,Ewan McGregor,3061,2,18,6.5,110000000.0
22,Cameron Diaz,6941,1,35,6.0,200000000.0
23,Arnold Schwarzenegger,1100,2,28,6.0,120000000.0
24,Seth Rogen,19274,2,35,6.5,140000000.0
25,Paul Rudd,22226,2,35,6.0,120000000.0
26,Willem Dafoe,5293,2,18,7.0,150000000.0
27,Hugh Jackman,6968,2,18,6.5,150000000.0
28,Woody Harrelson,57755,2,80,6.5,160000000.0
29,Mark Ruffalo,103,2,18,6.5,180000000.0
30,Meryl Streep,5064,1,18,6.5,90000000.0
31,John Goodman,1230,2,16,6.5,150000000.0
32,Bill Nighy,2440,2,18,6.5,110000000.0
33,Cate Blanchett,112,1,18,7.0,290000000.0
34,Sigourney Weaver,10205,1,27,6.5,160000000.0
35,Tom Wilkinson,207,2,18,6.5,90000000.0
36,Harrison Ford,3,2,12,7.0,190000000.0
37,Jonah Hill,21007,2,35,6.5,130000000.0
38,Stanley Tucci,2283,2,18,6.5,210000000.0
39,Justin Long,15033,2,35,6.0,70000000.0
40,Gary Oldman,64,2,80,6.5,260000000.0
41,Ben Kingsley,2282,2,18,6.5,140000000.0
42,Julianne Moore,1231,1,18,6.5,90000000.0
43,Alec Baldwin,7447,2,18,6.5,100000000.0
44,Scarlett Johansson,1245,1,18,6.5,250000000.0
45,Jack Black,70851,2,35,6.5,140000000.0
46,Julia Roberts,1204,1,18,6.5,130000000.0
47,Channing Tatum,38673,2,18,6.5,120000000.0
48,Judi Dench,5309,1,18,6.5,200000000.0
49,Christopher Walken,4690,2,80,6.5,90000000.0
50,Nicolas Cage,2963,2,80,6.0,90000000.0
51,Jude Law,9642,2,18,6.5,70000000.0
52,John C. Reilly,4764,2,18,6.5,70000000.0
53,Frank Welker,15831,2,35,6.5,340000000.0
54,Christian Bale,3894,2,80,7.0,130000000.0
55,Will Ferrell,23659,2,35,6.0,80000000.0
56,J.K. Simmons,18999,2,18,6.5,160000000.0
57,Jim Carrey,206,2,35,6.5,120000000.0
58,Stephen Root,17401,2,35,6.5,110000000.0
59,Laurence Fishburne,2975,2,53,6.5,150000000.0
60,Keith David,65827,2,18,6.5,70000000.0
61,Robin Williams,2157,2,18,6.5,150000000.0
62,Catherine Keener,2229,1,18,6.5,40000000.0
63,Kristen Wiig,41091,1,35,6.5,200000000.0
64,Viola Davis,19492,1,18,6.5,70000000.0
65,Jason Bateman,23532,2,35,6.0,90000000.0
66,Sean Bean,48,2,9648,6.5,210000000.0
67,Ben Affleck,880,2,18,6.5,150000000.0
68,Anthony Hopkins,4173,2,18,6.5,110000000.0
69,Natalie Portman,524,1,18,6.5,160000000.0
70,Anne Hathaway,1813,1,18,6.5,220000000.0
71,Ryan Reynolds,10859,2,35,6.0,120000000.0
72,Brendan Gleeson,2039,2,80,6.5,170000000.0
73,Anthony Mackie,53650,2,18,6.5,180000000.0
74,James Franco,17051,2,18,6.5,160000000.0
75,Allison Janney,19,1,18,6.5,140000000.0
76,Jason Statham,976,2,80,6.5,110000000.0
77,Paul Bettany,6162,2,12,6.5,310000000.0
78,Susan Sarandon,4038,1,18,6.0,20000000.0
79,Elizabeth Banks,9281,1,35,6.5,280000000.0
80,Steve Carell,4495,2,35,6.5,190000000.0
81,Alan Tudyk,21088,2,18,6.5,240000000.0
82,Dan Aykroyd,707,2,35,6.0,90000000.0
83,Tommy Lee Jones,2176,2,18,6.5,140000000.0
84,Toby Jones,13014,2,18,6.5,200000000.0
85,Ralph Fiennes,5469,2,18,6.5,220000000.0
86,Robert Downey Jr.,3223,2,18,7.0,300000000.0
87,Salma Hayek,3136,1,80,6.0,70000000.0
88,Mark Wahlberg,13240,2,80,6.5,140000000.0
89,Adam Sandler,19292,2,35,6.0,100000000.0
90,Nicole Kidman,2227,1,18,6.5,60000000.0
91,Angelina Jolie,11701,1,80,6.0,170000000.0
92,John Hurt,5049,2,18,6.5,110000000.0
93,Rose Byrne,9827,1,35,6.5,120000000.0
94,Dustin Hoffman,4483,2,18,7.0,160000000.0
95,Michael Caine,3895,2,80,7.0,220000000.0
96,John Ratzenberger,7907,2,16,7.0,420000000.0
97,Eddie Murphy,776,2,35,6.0,180000000.0
98,Sandra Bullock,18277,1,18,6.5,160000000.0
99,Benicio del Toro,1121,2,80,7.0,80000000.0
100,Jena Malone,20089,1,18,6.5,130000000.0
101,Giovanni Ribisi,1771,2,18,6.5,210000000.0
102,Will Smith,2888,2,35,6.5,260000000.0
103,James Marsden,11006,2,35,6.0,120000000.0
104,Reese Witherspoon,368,1,18,6.0,50000000.0
105,John Leguizamo,5723,2,80,6.0,110000000.0
106,Ben Stiller,7399,2,35,6.5,180000000.0
107,Leonardo DiCaprio,6193,2,18,7.0,240000000.0
108,Michael Peña,454,2,18,6.5,120000000.0
109,Octavia Spencer,6944,1,18,6.5,80000000.0
110,Helena Bonham Carter,1283,1,18,7.0,230000000.0
111,Kevin Bacon,4724,2,18,6.5,80000000.0
112,Edward Norton,819,2,18,7.0,50000000.0
113,Danny Trejo,11160,2,35,6.0,60000000.0
114,Don Cheadle,1896,2,80,6.5,260000000.0
115,Kevin Spacey,1979,2,80,7.0,90000000.0
116,Idris Elba,17605,2,80,6.0,200000000.0
117,Patricia Clarkson,1276,1,18,7.0,80000000.0
118,Keira Knightley,116,1,18,7.0,200000000.0
119,Peter Stormare,53,2,80,6.0,90000000.0
120,Pierce Brosnan,517,2,53,6.0,110000000.0
121,Geoffrey Rush,118,2,18,6.5,290000000.0
122,Kate Winslet,204,1,18,6.5,130000000.0
123,Kathy Bates,8534,1,18,6.0,170000000.0
124,Kirsten Dunst,205,1,18,6.5,130000000.0
125,Christopher Plummer,290,2,18,6.5,100000000.0
126,Naomi Watts,3489,1,18,6.5,50000000.0
127,Patrick Stewart,2387,2,53,6.5,160000000.0
128,Forest Whitaker,2178,2,80,6.5,50000000.0
129,John Malkovich,6949,2,80,6.5,110000000.0
130,Drew Barrymore,69597,1,18,6.5,110000000.0
131,Peter Sarsgaard,133,2,18,6.5,40000000.0
132,Donald Sutherland,55636,2,18,7.0,200000000.0
133,Michael Shannon,335,2,18,6.5,100000000.0
134,Marisa Tomei,3141,1,18,6.5,110000000.0
135,Sean Connery,738,2,53,6.5,120000000.0
136,Bill Paxton,2053,2,28,6.5,210000000.0
137,Richard Jenkins,28633,2,18,6.5,90000000.0
138,Stellan Skarsgård,1640,2,18,7.0,360000000.0
139,Ian Holm,65,2,12,7.0,250000000.0
140,Matthew McConaughey,10297,2,18,7.0,70000000.0
141,Carla Gugino,17832,1,35,6.0,160000000.0
142,Danny Glover,2047,2,18,6.5,90000000.0
143,Keanu Reeves,6384,2,18,6.5,130000000.0
144,Steve Zahn,18324,2,35,6.0,50000000.0
145,Emma Thompson,7056,1,18,7.0,170000000.0
146,Tony Shalhoub,4252,2,35,6.0,130000000.0
147,Jamie Foxx,134,2,18,6.5,140000000.0
148,Jeffrey Tambor,4175,2,35,6.5,120000000.0
149,David Cross,212,2,35,6.5,160000000.0
150,Josh Brolin,16851,2,80,6.5,180000000.0
151,Robert Duvall,3087,2,18,7.0,50000000.0
152,Amy Adams,9273,1,18,6.5,130000000.0
153,Colin Firth,5472,2,18,6.5,110000000.0
154,Winona Ryder,1920,1,18,6.5,60000000.0
155,Anna Faris,1772,1,35,6.0,110000000.0
156,Bradley Cooper,51329,2,18,6.5,160000000.0
157,Rosario Dawson,5916,1,80,6.5,40000000.0
158,William Fichtner,886,2,18,6.5,150000000.0
159,Jake Gyllenhaal,131,2,18,7.0,80000000.0
160,Liev Schreiber,23626,2,18,6.5,70000000.0
161,Maggie Smith,10978,1,18,7.0,310000000.0
162,Gene Hackman,193,2,80,6.5,80000000.0
163,Jason Lee,11662,2,35,6.5,90000000.0
164,John Turturro,1241,2,35,6.5,170000000.0
165,Zach Galifianakis,58225,2,35,6.5,110000000.0
166,Zoe Saldana,8691,1,28,6.5,280000000.0
167,Cloris Leachman,9599,1,35,6.5,70000000.0
168,Gwyneth Paltrow,12052,1,18,6.5,270000000.0
169,Ed Harris,228,2,18,7.0,120000000.0
170,John Cusack,3036,2,80,6.5,70000000.0
171,Hugo Weaving,1331,2,28,7.0,490000000.0
172,Sean Penn,2228,2,18,7.0,50000000.0
173,Colin Farrell,72466,2,80,6.5,40000000.0
174,Alan Rickman,4566,2,12,7.0,380000000.0
175,David Thewlis,11207,2,18,7.0,140000000.0
176,Gerard Butler,17276,2,28,6.5,100000000.0
177,James Cromwell,2505,2,18,6.5,160000000.0
178,Judy Greer,20750,1,18,6.5,200000000.0
179,Luke Wilson,36422,2,35,6.0,40000000.0
180,Rachel McAdams,53714,1,18,7.0,90000000.0
181,Thomas Lennon,539,2,35,6.5,190000000.0
182,Charlize Theron,6885,1,18,6.5,90000000.0
183,David Koechner,28638,2,35,6.0,40000000.0
184,Alfred Molina,658,2,18,7.0,170000000.0
185,Cillian Murphy,2037,2,80,6.5,200000000.0
186,Anne Fletcher,29214,1,35,6.0,160000000.0
187,Emily Blunt,5081,1,18,6.5,60000000.0
188,Eddie Marsan,1665,2,80,7.0,110000000.0
189,Dermot Mulroney,20212,2,18,6.5,50000000.0
190,Terrence Howard,18288,2,80,6.5,70000000.0
191,Diane Keaton,3092,1,18,6.5,50000000.0
192,Timothy Spall,9191,2,12,7.0,320000000.0
193,Queen Latifah,15758,1,35,6.5,150000000.0
194,Dylan Baker,19152,2,18,6.5,110000000.0
195,Jon Favreau,15277,2,35,6.5,250000000.0
196,Jennifer Connelly,6161,1,18,6.5,60000000.0
197,Denzel Washington,5292,2,18,7.0,90000000.0
198,Casey Affleck,1893,2,18,6.5,130000000.0
199,Marton Csokas,20982,2,12,6.5,280000000.0
200,Famke Janssen,10696,1,53,6.5,170000000.0
201,Sylvester Stallone,16483,2,28,6.5,140000000.0
202,Celia Weston,1989,1,18,6.0,60000000.0
203,Leslie Mann,41087,1,35,6.0,110000000.0
204,Maggie Gyllenhaal,1579,1,18,6.5,60000000.0
205,Bruce Greenwood,21089,2,18,6.5,80000000.0
206,Jason Isaacs,11355,2,10752,6.5,220000000.0
207,Emily Mortimer,1246,1,18,6.5,70000000.0
208,Bob Balaban,12438,2,18,6.5,50000000.0
209,Chris Hemsworth,74568,2,28,6.5,260000000.0
210,John Michael Higgins,8265,2,35,6.5,80000000.0
211,Joseph Gordon-Levitt,24045,2,18,6.5,120000000.0
212,Michael Gambon,5658,2,12,7.0,230000000.0
213,Jim Cummings,12077,2,16,6.5,220000000.0
214,Ian McKellen,1327,2,12,7.0,450000000.0
215,Jason Flemyng,973,2,80,6.5,80000000.0
216,Kathryn Hahn,17696,1,35,6.5,70000000.0
217,Tilda Swinton,3063,1,18,6.5,140000000.0
218,Russell Crowe,934,2,28,7.0,130000000.0
219,Amanda Seyfried,71070,1,35,6.0,100000000.0
220,Cuba Gooding Jr.,9777,2,18,6.5,90000000.0
221,John Travolta,8891,2,80,6.5,90000000.0
222,Robbie Coltrane,1923,2,12,7.0,350000000.0
223,Chloë Grace Moretz,56734,1,18,6.5,70000000.0
224,Ken Jeong,83586,2,35,6.5,250000000.0
225,Sam Rockwell,6807,2,35,6.5,70000000.0
226,Steve Coogan,4581,2,35,6.5,240000000.0
227,Ray Winstone,5538,2,80,6.5,140000000.0
228,Jennifer Aniston,4491,1,35,6.5,90000000.0
229,Ray Liotta,11477,2,80,6.5,30000000.0
230,J.D. Evermore,129868,2,18,6.5,90000000.0
231,Christopher Lee,113,2,12,6.5,470000000.0
232,Wallace Shawn,12900,2,16,6.5,200000000.0
233,Philip Baker Hall,4492,2,18,6.5,90000000.0
234,William H. Macy,3905,2,18,7.0,70000000.0
235,Terry Crews,53256,2,35,6.0,100000000.0
236,Luis Guzmán,40481,2,80,6.5,60000000.0
237,Joan Cusack,3234,1,18,6.5,100000000.0
238,Michael Keaton,2232,2,80,6.5,240000000.0
239,Helen Mirren,15735,1,18,6.5,70000000.0
240,Vince Vaughn,4937,2,35,6.0,90000000.0
241,Denis O'Hare,81681,2,18,6.5,40000000.0
242,Danny Huston,6413,2,18,6.5,50000000.0
243,Desmond Llewelyn,9906,2,53,6.5,140000000.0
244,Melissa Leo,6832,1,18,6.5,60000000.0
245,Toni Collette,3051,1,18,6.5,70000000.0
246,Toby Kebbell,20286,2,80,6.5,100000000.0
247,Joe Chrest,141762,2,18,6.5,110000000.0
248,Dwayne Johnson,18918,2,35,6.0,230000000.0
249,Halle Berry,4587,1,35,6.0,160000000.0
250,Benedict Cumberbatch,71580,2,18,7.0,220000000.0
251,Tom Hardy,2524,2,80,7.0,150000000.0
252,Chris Evans,16828,2,28,6.5,330000000.0
253,John Carroll Lynch,3911,2,18,6.5,60000000.0
254,Andy Samberg,62861,2,35,6.0,110000000.0
255,Mark Strong,2983,2,80,6.5,70000000.0
256,John Hawkes,16861,2,18,6.5,50000000.0
257,Lois Maxwell,9878,1,53,6.5,120000000.0
258,Thomas Haden Church,19159,2,35,6.0,70000000.0
259,Whoopi Goldberg,2395,1,18,6.5,200000000.0
260,Bruce Campbell,11357,2,35,6.5,190000000.0
261,Alan Arkin,1903,2,18,6.5,50000000.0
262,Elijah Wood,109,2,12,7.0,300000000.0
263,Greg Kinnear,17141,2,35,6.5,50000000.0
264,Andy Serkis,1333,2,12,7.0,410000000.0
265,Chris Rock,2632,2,35,6.0,150000000.0
266,Martin Sheen,8349,2,18,6.5,130000000.0
267,Clark Gregg,9048,2,18,6.5,200000000.0
268,Simon Pegg,11108,2,35,7.0,240000000.0
269,Kevin Hart,55638,2,35,6.0,130000000.0
270,Hugh Grant,3291,2,18,6.5,100000000.0
271,Anna Kendrick,84223,1,18,6.5,180000000.0
272,Abigail Breslin,17140,1,18,6.5,70000000.0
273,Maya Rudolph,52792,1,35,6.5,170000000.0
274,James Remar,1736,2,18,6.0,170000000.0
275,Kevin Costner,1269,2,18,6.5,130000000.0
276,Michael Sheen,3968,2,18,6.5,200000000.0
277,Chris Cooper,2955,2,18,7.0,110000000.0
278,Kevin Pollak,7166,2,80,6.0,50000000.0
279,Jeremy Renner,17604,2,12,6.5,360000000.0
280,Shea Whigham,74242,2,18,6.5,70000000.0
281,Emma Stone,54693,1,35,6.5,160000000.0
282,Glenn Morshower,12797,2,28,6.5,240000000.0
283,Sam Shepard,9880,2,18,6.5,30000000.0
284,Jeff Goldblum,4785,2,18,6.5,170000000.0
285,Jess Harnell,84495,2,16,7.0,550000000.0
286,Danny McBride,62862,2,35,6.0,140000000.0
287,Kevin Corrigan,18472,2,80,7.0,40000000.0
288,Amy Poehler,56322,1,35,6.0,160000000.0
289,David Krumholtz,38582,2,35,6.5,70000000.0
290,Seth Green,13922,2,80,6.0,110000000.0
291,Jennifer Coolidge,38334,1,35,6.0,100000000.0
292,Daniel Craig,8784,2,80,6.5,240000000.0
293,Catherine Zeta-Jones,1922,1,80,6.5,80000000.0
294,Michael Papajohn,20582,2,28,6.5,320000000.0
295,Ciarán Hinds,8785,2,18,6.5,130000000.0
296,Rachel Weisz,3293,1,18,6.0,80000000.0
297,Michelle Pfeiffer,1160,1,18,7.0,60000000.0
298,Frank Grillo,81685,2,80,6.5,160000000.0
299,Clancy Brown,6574,2,18,6.5,60000000.0
300,Nick Swardson,32907,2,35,5.5,70000000.0
301,Vin Diesel,12835,2,28,7.0,250000000.0
302,Bruce McGill,14888,2,35,6.5,90000000.0
303,Tim Robbins,504,2,878,6.5,70000000.0
304,Dave Franco,54697,2,35,6.5,110000000.0
305,Clifton Collins Jr,5365,2,80,6.5,60000000.0
306,Hank Azaria,5587,2,35,6.5,150000000.0
307,Ving Rhames,10182,2,80,6.5,200000000.0
308,Jeff Bridges,1229,2,18,6.5,70000000.0
309,Mel Gibson,2461,2,80,6.5,140000000.0
310,Will Arnett,21200,2,35,6.0,230000000.0
311,Ron Perlman,2372,2,878,6.5,80000000.0
312,Imelda Staunton,11356,1,16,7.0,220000000.0
313,Will Forte,62831,2,35,6.0,50000000.0
314,John Lithgow,12074,2,18,6.5,140000000.0
315,Patrick Wilson,17178,2,18,6.5,130000000.0
316,James McAvoy,5530,2,80,6.5,140000000.0
317,Melissa McCarthy,55536,1,35,6.0,100000000.0
318,Tim Blake Nelson,1462,2,18,6.5,80000000.0
319,Chris Pine,62064,2,28,6.5,90000000.0
320,Renée Zellweger,9137,1,18,6.5,110000000.0
321,Harvey Keitel,1037,2,80,7.0,70000000.0
322,Terence Stamp,28641,2,35,6.0,130000000.0
323,Michael Fassbender,17288,2,18,6.5,160000000.0
324,Jon Lovitz,16165,2,35,6.0,60000000.0
325,Charles Dance,4391,2,18,6.5,80000000.0
326,Robin Wright,32,1,18,6.5,100000000.0
327,Lucy Liu,140,1,80,6.5,160000000.0
328,Thomas Kretschmann,3491,2,27,6.5,240000000.0
329,Ethan Hawke,569,2,18,7.0,40000000.0
330,John Krasinski,17697,2,18,6.5,130000000.0
331,Jeff Daniels,8447,2,18,6.5,100000000.0
332,Vincent D'Onofrio,7132,2,18,6.5,170000000.0
333,Anna Paquin,10690,1,18,6.5,120000000.0
334,Alan Cumming,10697,2,35,5.5,120000000.0
335,Laura Linney,350,1,18,6.5,70000000.0
336,Parker Posey,7489,1,18,6.0,40000000.0
337,Harry Dean Stanton,5048,2,80,7.0,140000000.0
338,Melanie Lynskey,15091,1,18,6.5,30000000.0
339,Beth Grant,5151,1,18,6.5,120000000.0
340,William Hurt,227,2,12,6.5,120000000.0
341,Sam Elliott,16431,2,18,6.5,70000000.0
342,Angela Bassett,9780,1,35,6.5,40000000.0
343,Ashley Judd,15852,1,18,6.5,50000000.0
344,Bill Pullman,8984,2,35,6.0,130000000.0
345,Oliver Platt,17485,2,18,6.5,60000000.0
346,Dennis Quaid,6065,2,18,6.0,70000000.0
347,Jane Lynch,43775,1,35,6.5,210000000.0
348,Sissy Spacek,5606,1,18,6.5,40000000.0
349,Logan Lerman,33235,2,18,6.5,90000000.0
350,Kristen Stewart,37917,1,18,6.5,230000000.0
351,Jonathan Pryce,378,2,12,6.5,200000000.0
352,Will Patton,883,2,18,6.5,60000000.0
353,Karl Urban,1372,2,28,6.5,230000000.0
354,Fred Willard,20753,2,35,6.0,70000000.0
355,Michelle Rodriguez,17647,1,80,6.0,390000000.0
356,Jesse Eisenberg,44735,2,35,6.5,170000000.0
357,Matthew Broderick,4756,2,35,6.5,90000000.0
358,Mark Boone Junior,534,2,18,7.0,80000000.0
359,William Shatner,1748,2,53,6.0,60000000.0
360,Bryan Cranston,17419,2,18,6.5,140000000.0
361,Jeffrey Wright,2954,2,18,6.5,230000000.0
362,Adam Scott,36801,2,35,6.0,50000000.0
363,Milla Jovovich,63,1,27,6.0,70000000.0
364,Jeremy Piven,12799,2,80,6.5,100000000.0
365,Dean Norris,14329,2,28,6.5,80000000.0
366,Robert Patrick,418,2,80,6.0,120000000.0
367,Matt Walsh,59841,2,35,6.0,130000000.0
368,Ian McShane,6972,2,28,6.5,190000000.0
369,Cary Elwes,2130,2,35,6.5,100000000.0
370,Frank Langella,8924,2,18,6.0,30000000.0
371,Jennifer Lawrence,72129,1,18,6.5,310000000.0
372,Miriam Margolyes,6199,1,18,6.5,120000000.0
373,Patrick Warburton,9657,2,35,6.0,150000000.0
374,Michael Clarke Duncan,61981,2,12,6.0,130000000.0
375,Elias Koteas,13550,2,9648,6.5,40000000.0
376,Michael Madsen,147,2,80,6.5,130000000.0
377,Keegan-Michael Key,298410,2,35,6.5,150000000.0
378,Dominic West,17287,2,18,6.0,120000000.0
379,Anton Yelchin,21028,2,28,6.5,130000000.0
380,Eva Mendes,8170,1,80,6.0,120000000.0
381,Christopher Mintz-Plasse,54691,2,35,6.5,130000000.0
382,Miranda Richardson,8436,1,18,6.5,130000000.0
383,Delroy Lindo,18792,2,80,6.5,80000000.0
384,Djimon Hounsou,938,2,28,6.5,250000000.0
385,Eric Bana,8783,2,18,6.5,130000000.0
386,Rosamund Pike,10882,1,18,6.5,90000000.0
387,Pete Postlethwaite,4935,2,12,6.5,110000000.0
388,Richard Riehle,18262,2,80,6.5,110000000.0
389,Michelle Williams,1812,1,18,6.5,60000000.0
390,Adewale Akinnuoye-Agbaje,31164,2,12,6.0,150000000.0
391,Tom Kenny,78798,2,16,6.0,220000000.0
392,Alfre Woodard,1981,1,18,6.5,130000000.0
393,Aaron Eckhart,6383,2,18,6.5,110000000.0
394,Val Kilmer,5576,2,80,6.0,50000000.0
395,Michelle Monaghan,11705,1,18,6.5,150000000.0
396,Kiefer Sutherland,2628,2,18,6.5,50000000.0
397,Cheech Marin,11159,2,35,6.0,140000000.0
398,Jared Harris,15440,2,18,6.5,70000000.0
399,Kris Kristofferson,10823,2,18,6.5,60000000.0
400,Al Pacino,1158,2,80,7.0,80000000.0
401,Rufus Sewell,17328,2,18,6.0,50000000.0
402,Sam Neill,4783,2,12,6.5,130000000.0
403,Allen Covert,20818,2,35,6.0,90000000.0
404,Billy Bob Thornton,879,2,80,6.5,110000000.0
405,Deep Roy,1295,2,28,7.0,240000000.0
406,Ewen Bremner,1125,2,18,6.5,60000000.0
407,Carrie Fisher,4,1,12,6.5,200000000.0
408,Jet Li,1336,2,80,6.0,110000000.0
409,Joel Edgerton,33192,2,18,6.5,160000000.0
410,Stephen Fry,11275,2,14,6.5,240000000.0
411,Frances McDormand,3910,1,18,6.5,170000000.0
412,Jackie Chan,18897,2,35,6.5,180000000.0
413,Kevin Durand,79072,2,18,6.0,100000000.0
414,Kate Mara,51072,1,18,6.5,100000000.0
415,Rebecca Hall,15556,1,18,6.5,110000000.0
416,Viggo Mortensen,110,2,18,7.0,220000000.0
417,Neil Patrick Harris,41686,2,35,6.0,130000000.0
418,Kevin McNally,2449,2,12,6.5,270000000.0
419,Julia Stiles,12041,1,18,6.5,100000000.0
420,Chiwetel Ejiofor,5294,2,80,7.0,170000000.0
421,Bob Gunton,4029,2,18,6.5,80000000.0
422,Jessica Alba,56731,1,80,6.0,50000000.0
423,Frank Oz,7908,2,12,7.0,410000000.0
424,Rob Schneider,60949,2,35,6.0,100000000.0
425,Jessica Chastain,83002,1,18,6.5,170000000.0
426,T.J. Miller,51990,2,35,6.5,270000000.0
427,Christian Slater,2224,2,80,6.0,60000000.0
428,James Gandolfini,4691,2,80,6.0,20000000.0
429,Paula Patton,52851,1,35,6.0,110000000.0
430,Vanessa Redgrave,13333,1,18,6.5,80000000.0
431,Timothy Olyphant,18082,2,9648,6.0,90000000.0
432,Ethan Suplee,824,2,18,7.0,60000000.0
433,Kevin Smith,19303,2,35,6.0,40000000.0
434,Martin Freeman,7060,2,35,7.0,290000000.0
435,Tim Curry,13472,2,16,6.0,80000000.0
436,Ben Foster,11107,2,18,6.5,70000000.0
437,Regina King,9788,1,35,6.5,70000000.0
438,Anthony Anderson,18471,2,35,6.0,110000000.0
439,Jennifer Garner,9278,1,35,6.5,110000000.0
440,Vincent Cassel,1925,2,80,7.0,130000000.0
441,Victor Garber,8536,2,35,7.0,250000000.0
442,Derek Luke,15543,2,18,6.5,40000000.0
443,Brad Garrett,18,2,35,6.5,260000000.0
444,Margo Martindale,452,1,18,6.5,40000000.0
445,Olivia Wilde,59315,1,18,6.5,50000000.0
446,Rodrigo Santoro,17289,2,18,6.0,150000000.0
447,Sarah Michelle Gellar,11863,1,9648,6.0,90000000.0
448,M. Emmet Walsh,588,2,18,6.5,20000000.0
449,Juliette Lewis,3196,1,18,6.5,40000000.0
450,Marcia Gay Harden,4726,1,18,6.5,80000000.0
451,David Strathairn,11064,2,18,6.5,100000000.0
452,Ritchie Montgomery,52885,2,18,7.0,100000000.0
453,Jason Schwartzman,17881,2,18,7.0,20000000.0
454,Breckin Meyer,33654,2,18,6.0,-0.0
455,Ryan Gosling,30614,2,18,7.0,50000000.0
456,Seann William Scott,57599,2,35,6.0,180000000.0
457,Xander Berkeley,3982,2,28,7.0,160000000.0
458,Danny DeVito,518,2,18,7.0,130000000.0
459,Michael Kenneth Williams,39390,2,28,6.0,40000000.0
460,John Cho,68842,2,35,6.5,140000000.0
461,Mickey Rourke,2295,2,80,6.5,80000000.0
462,Jennifer Lopez,16866,1,35,6.0,70000000.0
463,Jodie Foster,1038,1,18,7.0,80000000.0
464,James Caan,3085,2,35,6.5,90000000.0
465,Rade Serbedzija,1118,2,80,6.5,130000000.0
466,Zeljko Ivanek,6752,2,80,6.5,110000000.0
467,Christina Ricci,6886,1,35,6.0,50000000.0
468,Katie Holmes,3897,1,18,6.5,40000000.0
469,Christoph Waltz,27319,2,18,6.5,160000000.0
470,Zac Efron,29222,2,35,6.0,60000000.0
471,Rob Riggle,71403,2,35,6.5,150000000.0
472,Malcolm McDowell,56890,2,18,6.0,40000000.0
473,David Morse,52,2,80,7.0,90000000.0
474,William Sadler,6573,2,80,6.5,130000000.0
475,Kristen Bell,40462,1,35,6.5,130000000.0
476,Glenn Close,515,1,28,6.0,150000000.0
477,Fred Tatasciore,60279,2,16,6.5,280000000.0
478,Molly Shannon,28640,1,35,6.0,120000000.0
479,Orlando Bloom,114,2,12,7.0,550000000.0
480,James Hong,20904,2,18,6.5,150000000.0
481,Warwick Davis,11184,2,12,7.0,520000000.0
482,Jon Voight,10127,2,18,6.5,170000000.0
483,Bruce Spence,27752,2,12,6.0,210000000.0
484,Holt McCallany,7497,2,80,6.0,20000000.0
485,Missi Pyle,1294,1,35,7.0,140000000.0
486,Jon Hamm,65717,2,35,6.5,210000000.0
487,Guy Pearce,529,2,27,7.0,180000000.0
488,Jada Pinkett Smith,9575,1,80,6.5,230000000.0
489,Mary Steenburgen,2453,1,18,7.0,110000000.0
490,Giancarlo Esposito,4808,2,18,6.5,100000000.0
491,David Jensen,60875,2,18,6.0,40000000.0
492,Paul Dano,17142,2,18,7.0,50000000.0
493,Penélope Cruz,955,1,80,6.0,130000000.0
494,Jared Leto,7499,2,80,7.0,80000000.0
495,Chris Ellis,8191,2,12,6.5,290000000.0
496,Ron Livingston,17402,2,18,6.5,60000000.0
497,Shirley Henderson,1834,1,18,6.5,170000000.0
498,Mike Epps,51944,2,35,6.0,80000000.0
499,Tyrese Gibson,8169,2,28,6.5,390000000.0
500,Nick Frost,11109,2,35,6.5,60000000.0
501,Clea DuVall,20387,1,9648,6.5,50000000.0
502,Olivia Williams,11616,1,18,6.5,90000000.0
503,Colleen Camp,13023,1,18,6.5,70000000.0
504,Jeffrey Jones,4004,2,35,6.5,50000000.0
505,Rachael Harris,46074,1,35,6.5,100000000.0
506,David Warshofsky,37204,2,18,7.0,100000000.0
507,Michael Kelly,50217,2,18,7.0,110000000.0
508,Juno Temple,36594,1,80,6.5,140000000.0
509,Mike Myers,12073,2,35,6.5,300000000.0
510,Lance Henriksen,2714,2,27,6.5,80000000.0
511,David Bradley,11180,2,12,7.0,440000000.0
512,Conrad Vernon,12080,2,16,6.5,400000000.0
513,Joe Lo Truglio,21131,2,35,6.5,100000000.0
514,Kurt Russell,6856,2,28,7.0,160000000.0
515,Adrien Brody,3490,2,18,7.0,90000000.0
516,Albert Brooks,13,2,80,7.0,210000000.0
517,Rob Corddry,52997,2,35,6.0,50000000.0
518,Amanda Peet,2956,1,18,6.0,100000000.0
519,Naomie Harris,2038,1,18,6.5,290000000.0
520,Ben Mendelsohn,77335,2,18,6.5,100000000.0
521,Elle Fanning,18050,1,18,6.5,120000000.0
522,Tony Curran,2220,2,18,6.5,150000000.0
523,Matthew Lillard,26457,2,80,6.0,80000000.0
524,Jack Nicholson,514,2,18,7.0,140000000.0
525,Sandra Oh,25540,1,18,6.5,30000000.0
526,James Woods,4512,2,18,6.5,30000000.0
527,Bob Hoskins,382,2,35,6.0,40000000.0
528,Nick Offerman,17039,2,80,6.5,130000000.0
529,Richard Kind,21125,2,16,7.0,250000000.0
530,Brittany Murphy,328,1,18,6.5,50000000.0
531,Siobhan Fallon,6751,1,18,6.5,120000000.0
532,Clint Eastwood,190,2,37,7.0,100000000.0
533,Tina Fey,56323,1,35,6.0,70000000.0
534,Richard Schiff,31028,2,18,6.5,140000000.0
535,Oscar Isaac,25072,2,28,6.5,60000000.0
536,Dominic Cooper,55470,2,18,6.5,130000000.0
537,Dan Hedaya,6486,2,18,6.5,40000000.0
538,Tom Hollander,2441,2,18,7.0,230000000.0
539,Bernard Lee,9874,2,53,6.5,120000000.0
540,Christina Applegate,18979,1,35,6.0,100000000.0
541,Brendan Fraser,18269,2,35,6.0,70000000.0
542,Doug Jones,17005,2,35,6.0,50000000.0
543,Chris Pratt,73457,2,35,6.5,260000000.0
544,Kate Hudson,11661,1,35,6.0,60000000.0
545,Eugene Levy,26510,2,35,6.5,50000000.0
546,Steve Martin,67773,2,35,6.0,50000000.0
547,Jay Baruchel,449,2,35,6.5,140000000.0
548,Kenneth Branagh,11181,2,18,6.5,80000000.0
549,Kate Bosworth,7517,1,18,6.0,30000000.0
550,Alexa PenaVega,57674,1,35,5.5,60000000.0
551,Julian Richings,2320,2,27,6.5,70000000.0
552,Shia LaBeouf,10959,2,28,6.5,320000000.0
553,Barry Pepper,12834,2,80,7.0,110000000.0
554,Richard Gere,1205,2,18,6.5,80000000.0
555,Patton Oswalt,10872,2,18,6.5,70000000.0
556,Maria Bello,49,1,35,6.5,90000000.0
557,Lena Headey,17286,1,12,6.5,60000000.0
558,Minnie Driver,6613,1,18,7.0,70000000.0
559,Scott Glenn,349,2,80,7.0,110000000.0
560,Diane Lane,2882,1,18,6.5,180000000.0
561,Richard Griffiths,10983,2,12,7.0,380000000.0
562,Brent Spiner,1213786,2,53,6.0,110000000.0
563,Colm Feore,10132,2,80,6.5,170000000.0
564,Kerry Washington,11703,1,18,6.5,90000000.0
565,Joey King,125025,1,18,6.5,250000000.0
566,Danny Mann,52699,2,16,7.0,480000000.0
567,Julie Walters,477,1,12,7.0,460000000.0
568,Kate Beckinsale,3967,1,18,6.5,60000000.0
569,Chris Messina,61659,2,18,6.5,60000000.0
570,Mila Kunis,18973,1,35,6.0,160000000.0
571,E. Roger Mitchell,41020,2,80,6.5,130000000.0
572,James Rebhorn,8986,2,18,6.5,150000000.0
573,Crispin Glover,1064,2,35,6.0,190000000.0
574,Emma Roberts,34847,1,18,6.5,50000000.0
575,Lin Shaye,7401,1,35,6.5,90000000.0
576,Jennifer Jason Leigh,10431,1,18,7.0,10000000.0
577,Daniel Mays,1670,2,18,6.5,60000000.0
578,Marcus Lyle Brown,16460,2,18,6.5,40000000.0
579,Jason Clarke,76512,2,18,6.5,140000000.0
580,Josh Hutcherson,27972,2,12,6.5,250000000.0
581,Aasif Mandvi,20644,2,18,6.5,110000000.0
582,Jason Segel,41088,2,35,6.0,120000000.0
583,Tracy Morgan,56903,2,35,6.0,120000000.0
584,Josh Hartnett,2299,2,18,6.5,60000000.0
585,Noah Taylor,1284,2,18,6.5,90000000.0
586,Ice Cube,9778,2,35,6.5,70000000.0
587,Ricky Gervais,17835,2,35,6.5,80000000.0
588,Gary Cole,21163,2,35,6.0,50000000.0
589,Cary-Hiroyuki Tagawa,11398,2,18,6.0,110000000.0
590,Daniel Radcliffe,10980,2,12,7.0,500000000.0
591,Walton Goggins,27740,2,18,6.5,90000000.0
592,Ben Whishaw,17064,2,18,6.5,180000000.0
593,Holly Hunter,18686,1,18,6.5,160000000.0
594,Patrick Fischler,52801,2,80,6.0,40000000.0
595,Radha Mitchell,8329,1,28,6.0,40000000.0
596,Vera Farmiga,21657,1,18,7.0,100000000.0
597,Frankie Faison,13936,2,18,6.5,60000000.0
598,Clive Owen,2296,2,80,6.5,60000000.0
599,John Slattery,21134,2,18,6.5,210000000.0
600,Tim Allen,12898,2,35,6.5,250000000.0
601,James Russo,785,2,80,7.0,80000000.0
602,Celia Imrie,9139,1,18,6.5,120000000.0
603,Reg E. Cathey,38951,2,80,6.5,90000000.0
604,Jake Johnson,543505,2,35,6.5,250000000.0
605,Ludacris,8171,2,28,6.5,230000000.0
606,Hugh Laurie,41419,2,16,6.0,70000000.0
607,Bob Bergen,78317,2,16,7.0,270000000.0
608,Bonnie Hunt,5149,1,16,7.0,370000000.0
609,Ty Burrell,15232,2,18,6.5,40000000.0
610,Benjamin Bratt,4589,2,80,6.5,150000000.0
611,Justin Timberlake,12111,2,35,6.0,140000000.0
612,Emma Watson,10990,1,12,7.0,490000000.0
613,David Warner,2076,2,53,6.0,250000000.0
614,Cliff Curtis,7248,2,18,6.5,70000000.0
615,Carey Mulligan,36662,1,18,7.0,70000000.0
616,Anjelica Huston,5657,1,18,6.5,40000000.0
617,Ray Stevenson,56614,2,12,6.0,170000000.0
618,Marion Cotillard,8293,1,18,7.0,200000000.0
619,Ryan Phillippe,11864,2,18,6.5,40000000.0
620,Kristin Scott Thomas,5470,1,18,6.5,110000000.0
621,Kelsey Grammer,7090,2,16,6.5,270000000.0
622,Dakota Fanning,501,1,18,6.5,290000000.0
623,Dan Patrick,166029,2,35,6.0,100000000.0
624,Tim Roth,3129,2,18,6.5,60000000.0
625,Charlie Sheen,6952,2,35,6.5,80000000.0
626,Zooey Deschanel,11664,1,18,6.5,50000000.0
627,Geraldine Somerville,10988,1,12,7.0,460000000.0
628,Robert Forster,5694,2,53,6.0,40000000.0
629,Pam Grier,2230,1,35,6.0,0.0
630,James Badge Dale,18473,2,18,6.5,160000000.0
631,Bill Cobbs,8854,2,18,6.0,110000000.0
632,Nathan Fillion,51797,2,35,7.0,170000000.0
633,Ellen Page,27578,1,18,7.0,170000000.0
634,Corey Stoll,74541,2,9648,6.5,110000000.0
635,Stephen Tobolowsky,537,2,9648,6.0,60000000.0
636,Carla Gallo,54708,1,35,6.5,70000000.0
637,Bruce Dern,6905,1,80,6.5,50000000.0
638,Gabrielle Union,17773,1,18,6.0,30000000.0
639,Ed Helms,27105,2,35,6.0,110000000.0
640,Michael Ealy,8177,2,35,6.5,60000000.0
641,Adam Brody,11702,2,35,6.0,80000000.0
642,Chance Kelly,17194,2,18,7.0,160000000.0
643,Thandie Newton,9030,1,18,6.5,160000000.0
644,David Oyelowo,35013,2,18,7.0,150000000.0
645,David Harbour,35029,2,80,6.5,140000000.0
646,David Paymer,19839,2,18,6.0,60000000.0
647,Marc Macaulay,6908,2,80,6.5,70000000.0
648,Michael Douglas,3392,2,28,6.5,130000000.0
649,Simon Callow,4001,2,18,6.5,120000000.0
650,Carrie-Anne Moss,530,1,9648,6.5,150000000.0
651,Miles Teller,996701,2,12,6.5,70000000.0
652,Jackie Sandler,60959,1,35,6.0,120000000.0
653,Mary Elizabeth Winstead,17628,1,18,6.0,90000000.0
654,Julie Andrews,5823,1,35,6.5,330000000.0
655,Laraine Newman,35159,1,16,7.0,450000000.0
656,Emile Hirsch,46593,2,18,6.5,20000000.0
657,Rhys Ifans,7026,2,35,6.5,100000000.0
658,Hilary Swank,448,1,18,6.5,50000000.0
659,John C. McGinley,11885,2,80,7.0,120000000.0
660,Lasco Atkins,1363049,2,28,7.0,270000000.0
661,Nick Nolte,1733,2,18,6.5,60000000.0
662,Frances Fisher,3713,1,18,6.5,210000000.0
663,Rupert Everett,4757,2,35,6.5,250000000.0
664,Amy Ryan,39388,1,80,6.5,110000000.0
665,Scott Caan,1894,2,80,6.0,110000000.0
666,Lukas Haas,526,2,27,6.5,150000000.0
667,Gabriel Byrne,5168,2,18,6.5,10000000.0
668,Brad Dourif,1370,2,18,6.5,110000000.0
669,Christopher Lloyd,1062,2,35,7.0,120000000.0
670,Leonard Nimoy,1749,2,53,6.5,200000000.0
671,Tobin Bell,2144,2,80,7.0,90000000.0
672,Jason Sudeikis,58224,2,35,6.0,110000000.0
673,Paul Newman,3636,2,18,7.0,80000000.0
674,Mena Suvari,8211,1,35,6.0,80000000.0
675,Domhnall Gleeson,93210,2,18,7.0,90000000.0
676,Max von Sydow,2201,2,18,7.0,110000000.0
677,William Mapother,15338,2,18,6.5,100000000.0
678,Gregg Henry,2518,2,80,6.5,100000000.0
679,Demi Moore,3416,1,18,6.0,90000000.0
680,Mark Margolis,1173,2,18,7.0,80000000.0
681,W. Earl Brown,6951,2,18,6.5,50000000.0
682,Dennis Haysbert,352,2,16,6.5,110000000.0
683,Christopher McDonald,4443,2,35,6.0,20000000.0
684,Callum Keith Rennie,540,2,18,6.5,100000000.0
685,John Heard,11512,2,35,6.0,120000000.0
686,Joseph Oliveira,1360008,2,80,7.5,290000000.0
687,Aaron Taylor-Johnson,27428,2,18,7.0,200000000.0
688,Mary Kay Place,5960,1,35,6.5,110000000.0
689,Michael Gough,3796,2,18,6.5,210000000.0
690,Paddy Considine,14887,2,80,7.0,50000000.0
691,Ava Acres,1340664,1,16,6.5,550000000.0
692,Thomas Jane,11155,2,18,6.5,30000000.0
693,Josh Lucas,6164,1,18,6.5,70000000.0
694,Caroline Aaron,1910,1,18,6.5,40000000.0
695,Michael Angarano,11665,2,28,6.0,10000000.0
696,John Candy,7180,2,35,7.0,110000000.0
697,Tom Felton,10993,2,12,7.0,540000000.0
698,Joaquin Phoenix,73421,2,18,7.0,130000000.0
699,Vincent Laresca,1983,2,18,6.5,90000000.0
700,Udo Kier,1646,2,27,6.5,70000000.0
701,Christopher Meloni,22227,2,18,6.5,50000000.0
702,Dianne Wiest,1902,1,18,7.0,10000000.0
703,Liam Hemsworth,96066,2,12,6.5,330000000.0
704,Russell Brand,59919,2,35,6.0,190000000.0
705,Alexis Bledel,6279,1,18,6.5,20000000.0
706,Claire Danes,6194,1,18,6.5,50000000.0
707,Clint Howard,15661,2,35,6.5,100000000.0
708,Liv Tyler,882,1,12,7.0,350000000.0
709,Andy García,1271,2,80,6.5,170000000.0
710,Michael Rooker,12132,2,878,6.5,120000000.0
711,RZA,150,2,80,6.0,70000000.0
712,Billy Crudup,8289,2,18,7.0,90000000.0
713,Kevin James,32895,2,35,6.0,190000000.0
714,Norman Reedus,4886,2,80,6.5,40000000.0
715,Lili Taylor,3127,1,80,6.5,100000000.0
716,Isla Fisher,52848,1,35,6.5,90000000.0
717,Paul Walker,8167,2,80,6.0,250000000.0
718,Tony Todd,19384,2,9648,6.5,160000000.0
719,Selena Gomez,77948,1,35,6.0,130000000.0
720,Joe Anderson,29234,2,18,6.5,110000000.0
721,Elisabeth Shue,1951,1,35,6.0,100000000.0
722,Mary Pat Gleason,62595,1,35,6.5,60000000.0
723,Tom Bower,19453,2,80,6.5,20000000.0
724,Chi McBride,8687,2,35,6.0,60000000.0
725,Daniel Day-Lewis,11856,2,18,7.0,50000000.0
726,Kellan Lutz,34502,2,18,5.5,290000000.0
727,Pat Kiernan,1480047,2,28,6.5,410000000.0
728,Bill Camp,121718,2,18,6.5,100000000.0
729,Liam Cunningham,15498,2,80,6.0,60000000.0
730,Sven-Ole Thorsen,20761,2,35,6.5,150000000.0
731,Uma Thurman,139,1,80,6.5,80000000.0
732,Paul Dooley,15900,2,18,6.5,110000000.0
733,Cara Seymour,2617,1,80,7.0,40000000.0
734,Meg Ryan,5344,1,18,6.0,90000000.0
735,Alex Borstein,24357,1,35,6.0,110000000.0
736,Courteney Cox,14405,1,9648,6.0,90000000.0
737,Sally Hawkins,39658,1,18,7.0,30000000.0
738,F. Murray Abraham,1164,2,10402,7.0,40000000.0
739,Romany Malco,71530,2,35,6.0,30000000.0
740,Martin Short,519,2,16,6.0,70000000.0
741,Quentin Tarantino,138,2,80,7.0,90000000.0
742,Sacha Baron Cohen,6730,2,35,6.5,220000000.0
743,Harry Shearer,6008,2,35,6.5,120000000.0
744,Jessica Biel,10860,1,35,6.0,40000000.0
745,Wayne Knight,4201,2,35,7.0,300000000.0
746,Tim Pigott-Smith,11276,2,80,6.5,160000000.0
747,Vivica A. Fox,2535,1,80,6.5,170000000.0
748,Tomas Arana,941,2,18,7.0,290000000.0
749,Holmes Osborne,1578,2,35,6.0,20000000.0
750,Taraji P. Henson,40036,1,18,6.5,60000000.0
751,Derek Mears,51300,2,35,6.0,190000000.0
752,Craig Robinson,64342,2,35,6.0,130000000.0
753,Boyd Holbrook,467645,2,18,6.5,40000000.0
754,Dale Dye,3211,2,18,7.0,140000000.0
755,Heath Ledger,1810,2,18,7.0,140000000.0
756,Taye Diggs,17637,2,35,6.5,40000000.0
757,Sarah Silverman,7404,1,80,6.5,90000000.0
758,Bob Stephenson,17449,2,18,7.0,70000000.0
759,Bryce Dallas Howard,18997,1,18,6.5,350000000.0
760,Jim Belushi,26485,2,35,6.0,20000000.0
761,Maggie Q,21045,1,12,6.0,150000000.0
762,Frances de la Tour,47468,1,18,6.5,240000000.0
763,Chris Miller,12098,2,35,6.5,410000000.0
764,Adrian Martinez,94432,2,18,6.5,110000000.0
765,Kevin Kline,8945,2,35,6.5,30000000.0
766,Evan Rachel Wood,38940,1,18,6.5,10000000.0
767,Edgar Ramírez,25616,2,80,6.0,90000000.0
768,Nicholas Hoult,3292,2,878,6.5,170000000.0
769,Jacob Vargas,16429,2,18,6.0,50000000.0
770,Héctor Elizondo,1210,2,35,6.0,110000000.0
771,Ethan Embry,58019,2,35,6.0,30000000.0
772,Andie MacDowell,1533,1,35,6.0,40000000.0
773,Gary Grubbs,68180,2,18,6.5,80000000.0
774,Zoë Kravitz,37153,1,12,6.5,120000000.0
775,Kathy Baker,1907,1,18,6.5,30000000.0
776,Wendy Crewson,19957,1,18,6.5,90000000.0
777,Amy Sedaris,12110,1,35,6.0,190000000.0
778,Meagan Good,22122,1,35,6.0,30000000.0
779,Regina Hall,35705,1,35,6.5,80000000.0
780,Nicky Katt,18070,2,80,7.0,130000000.0
781,Helen Hunt,9994,1,18,6.5,150000000.0
782,Martin Landau,2641,2,12,6.5,-0.0
783,Heather Graham,69122,1,35,6.5,130000000.0
784,Vanessa Hudgens,67599,1,80,6.0,10000000.0
785,Denis Leary,5724,2,16,6.5,340000000.0
786,Joe Pesci,4517,2,80,7.5,140000000.0
787,Patrick Godfrey,3568,2,18,7.0,50000000.0
788,Andy Richter,28637,2,35,5.5,110000000.0
789,Joe Pantoliano,532,2,12,6.5,100000000.0
790,Cedric the Entertainer,5726,2,16,6.0,180000000.0
791,Charles Durning,1466,2,35,6.5,50000000.0
792,Conchata Ferrell,1909,1,18,7.0,50000000.0
793,Ann Dowd,43366,1,35,6.5,50000000.0
794,Lance E. Nichols,101847,2,18,6.0,20000000.0
795,Robert Maillet,112692,2,12,6.5,160000000.0
796,Craig T. Nelson,8977,2,35,6.5,120000000.0
797,Cody Cameron,12095,2,16,6.5,370000000.0
798,John Corbett,38405,2,18,6.0,70000000.0
799,Robert Englund,5139,2,27,6.0,40000000.0
800,Donald Faison,49002,2,18,6.0,30000000.0
801,Jeff Garlin,60074,2,16,6.0,190000000.0
802,Roger Allam,11279,2,18,6.5,130000000.0
803,Mel Brooks,14639,2,35,6.5,110000000.0
804,Peter Dinklage,22970,2,35,6.5,150000000.0
805,Stephen McHattie,230,2,80,6.5,120000000.0
806,Tony Goldwyn,3417,2,12,6.5,160000000.0
807,Jack McGee,10489,2,18,6.5,70000000.0
808,Kelly Preston,11164,1,18,6.5,50000000.0
809,Ari Graynor,71552,1,35,6.0,10000000.0
810,Ivana Miličević,29930,1,18,6.5,130000000.0
811,Colin Salmon,5414,2,27,6.0,110000000.0
812,Brian Doyle-Murray,1535,2,35,6.5,100000000.0
813,Ashton Kutcher,18976,2,35,6.0,90000000.0
814,Bobby Cannavale,21127,2,18,6.0,90000000.0
815,Luke Evans,114019,2,28,6.5,370000000.0
816,Mark Williams,20999,2,12,7.0,410000000.0
817,Gary Sinise,33,2,28,7.0,200000000.0
818,Rebel Wilson,221581,1,35,6.0,120000000.0
819,Lake Bell,25703,1,35,6.0,210000000.0
820,George Lopez,41798,2,35,5.5,190000000.0
821,Michael Cera,39995,2,35,6.5,60000000.0
822,Ned Beatty,13726,2,878,7.0,180000000.0
823,Garrett Hedlund,9828,2,12,6.5,110000000.0
824,Kevin Michael Richardson,24362,2,16,6.5,190000000.0
825,Michael Jeter,2169,2,18,6.5,110000000.0
826,Robert Clohessy,2256,2,35,6.5,240000000.0
827,Michael Pitt,10692,2,18,6.5,30000000.0
828,R. Lee Ermey,8655,2,16,7.0,240000000.0
829,Téa Leoni,4939,1,35,6.0,70000000.0
830,Matt Dillon,2876,2,80,6.0,80000000.0
831,Pip Torrens,36666,2,18,6.5,50000000.0
832,James DuMont,97446,2,80,6.5,310000000.0
833,Tom Sizemore,3197,2,10752,6.5,130000000.0
834,Mekhi Phifer,327,2,12,6.5,80000000.0
835,Ralph Ineson,202032,2,28,6.5,200000000.0
836,David Wenham,1371,2,12,7.0,330000000.0
837,Jenifer Lewis,15899,1,35,6.5,120000000.0
838,Hayden Panettiere,17265,1,18,6.0,80000000.0
839,Jai Courtney,224181,2,12,6.0,220000000.0
840,Olivia Munn,81364,1,35,6.0,130000000.0
841,David Ogden Stiers,28010,2,16,6.5,50000000.0
842,Alison Pill,17486,1,35,6.5,40000000.0
843,Crystal Lowe,58393,1,53,5.5,60000000.0
844,Rainn Wilson,11678,2,18,6.5,140000000.0
845,Thomas F. Wilson,1065,2,35,6.5,150000000.0
846,Ali Larter,17303,1,27,6.0,90000000.0
847,Sofía Vergara,63522,1,80,6.0,90000000.0
848,Patrick Dempsey,18352,2,35,6.0,230000000.0
849,Neve Campbell,9206,1,9648,6.0,70000000.0
850,Mandy Moore,16855,1,35,6.0,80000000.0
851,Debra Monk,10386,1,18,6.5,30000000.0
852,Christopher Berry,1173099,2,18,7.0,140000000.0
853,Scoot McNairy,59233,2,28,6.5,190000000.0
854,Ian McNeice,3547,2,35,6.5,50000000.0
855,Keith Campbell,15318,2,35,6.5,200000000.0
856,Mike Starr,5170,2,80,6.5,50000000.0
857,Brett Cullen,16841,2,18,6.5,160000000.0
858,Katherine Heigl,25541,1,35,5.5,70000000.0
859,Joe Morton,3977,2,28,6.5,190000000.0
860,Teri Garr,8437,1,35,7.0,90000000.0
861,Topher Grace,17052,2,18,6.5,180000000.0
862,Embeth Davidtz,6368,1,28,7.0,220000000.0
863,Fred Ward,10430,2,80,6.0,40000000.0
864,Scott Adkins,78110,2,53,6.0,110000000.0
865,Rosie Perez,4810,1,18,6.5,60000000.0
866,Alessandro Nivola,4941,2,18,6.5,90000000.0
867,Christopher Guest,13524,2,35,6.5,30000000.0
868,Eddie J. Fernandez,18300,2,28,6.5,180000000.0
869,Dakota Johnson,118545,1,18,6.0,150000000.0
870,Corey Burton,35219,2,16,6.5,170000000.0
871,Shohreh Aghdashloo,21041,1,18,6.5,80000000.0
872,Andrea Martin,8263,1,35,6.0,90000000.0
873,Adam Godley,23429,2,18,6.5,100000000.0
874,Sharon Stone,4430,1,28,6.0,50000000.0
875,Olek Krupa,53573,2,80,6.0,90000000.0
876,Annette Bening,516,1,18,6.5,60000000.0
877,Jamie Chung,78324,1,35,6.0,110000000.0
878,Lena Olin,5313,1,18,6.0,10000000.0
879,Lucy Punch,66446,1,35,6.0,50000000.0
880,Matt Craven,13525,2,18,6.5,60000000.0
881,Brie Larson,60073,1,35,6.5,40000000.0
882,Al Leong,61704,2,35,6.0,30000000.0
883,Martin Klebba,4030,2,12,6.5,400000000.0
884,Billy Crystal,7904,2,16,7.0,200000000.0
885,Chris Bauer,4445,2,80,6.5,50000000.0
886,Tobey Maguire,2219,2,28,6.5,280000000.0
887,Ato Essandoh,5377,2,18,6.5,130000000.0
888,Matt Winston,35521,2,18,6.5,40000000.0
889,Taylor Lautner,84214,2,18,5.5,330000000.0
890,Gemma Arterton,59620,1,80,6.0,110000000.0
891,Jon Abrahams,17866,2,27,6.0,60000000.0
892,Kim Cattrall,2109,1,18,6.0,60000000.0
893,Phil Proctor,61969,2,16,7.5,330000000.0
894,Rashida Jones,80591,1,18,6.5,130000000.0
895,Leland Orser,2221,2,80,6.5,240000000.0
896,Ty Simpkins,17181,2,27,6.5,370000000.0
897,Noah Emmerich,11315,2,18,6.5,50000000.0
898,Billy Zane,1954,2,35,6.5,300000000.0
899,Adrian Scarborough,40311,2,18,7.0,110000000.0
900,Tim Griffin,27031,2,28,7.0,220000000.0
901,Jack Conley,21675,2,80,6.5,30000000.0
902,Andrew Garfield,37625,2,18,6.5,160000000.0
903,Holland Taylor,11318,1,35,6.0,70000000.0
904,Curtis Armstrong,87003,2,35,6.0,10000000.0
905,Kenny Baker,130,2,12,7.5,500000000.0
906,Dexter Fletcher,974,2,80,6.5,30000000.0
907,Lisa Kudrow,14406,1,35,6.0,90000000.0
908,Cam Gigandet,55086,2,18,6.0,70000000.0
909,Daniel Brühl,3872,2,18,7.0,200000000.0
910,Miranda Otto,502,1,12,6.5,300000000.0
911,Nora Dunn,4496,1,35,6.0,70000000.0
912,Alice Drummond,17488,1,18,6.5,20000000.0
913,John Sessions,26860,2,18,6.5,30000000.0
914,Bobby Moynihan,452205,2,35,6.5,300000000.0
915,Patricia Belcher,56358,1,18,6.0,40000000.0
916,Brian Blessed,8318,2,12,6.5,140000000.0
917,Shane Rimmer,10657,2,18,7.0,210000000.0
918,Ned Bellamy,2141,2,18,7.0,110000000.0
919,Derek Jacobi,937,2,18,7.0,180000000.0
920,Laura Dern,4784,1,18,7.0,190000000.0
921,Sara Paxton,60072,1,35,6.0,20000000.0
922,Goran Visnjic,5725,2,80,6.0,60000000.0
923,Max Martini,94864,2,80,6.5,160000000.0
924,Ron Rifkin,12122,2,18,6.5,30000000.0
925,Sarah Jessica Parker,520,1,35,6.0,50000000.0
926,Mike O'Malley,87192,2,18,6.0,20000000.0
927,America Ferrera,59174,1,18,6.5,110000000.0
928,Blythe Danner,10401,1,35,6.5,140000000.0
929,Eddie Izzard,1926,2,80,6.5,140000000.0
930,Ted Levine,15854,2,80,6.5,140000000.0
931,Michael McKean,21731,2,35,6.0,10000000.0
932,Denise Richards,9205,1,35,6.0,90000000.0
933,Dax Shepard,51298,2,35,6.0,40000000.0
934,Roger Moore,10222,2,53,6.0,140000000.0
935,Matthew Goode,1247,2,18,7.0,40000000.0
936,Sam Spruell,55585,2,18,6.5,90000000.0
937,Noel Gugliemi,53252,2,80,6.5,320000000.0
938,Linda Cardellini,1817,1,35,6.5,250000000.0
939,Kevin Nealon,58478,2,35,6.0,30000000.0
940,Tom Lister Jr.,8396,2,80,6.5,190000000.0
941,Marshall Bell,3041,2,12,6.5,70000000.0
942,Peter Facinelli,56857,2,18,6.0,300000000.0
943,Michael J. Fox,521,2,35,6.5,150000000.0
944,Ellen Barkin,6913,1,18,6.5,20000000.0
945,Larry Miller,1211,2,35,6.5,90000000.0
946,Ellie Kemper,475512,1,35,6.0,190000000.0
947,Roger Ashton-Griffiths,20243,2,18,6.5,10000000.0
948,Paul Guilfoyle,925,2,80,6.5,80000000.0
949,Leo Bill,29237,2,18,7.0,150000000.0
950,Lucas Till,429,2,878,6.0,170000000.0
951,Wendell Pierce,17859,2,18,6.5,130000000.0
952,Cole Hauser,6614,2,28,6.5,110000000.0
953,Rip Torn,9626,2,35,6.0,130000000.0
954,Saoirse Ronan,36592,1,18,7.0,50000000.0
955,Jamie Bell,478,2,80,6.0,120000000.0
956,Peter Boyle,1039,2,18,6.5,60000000.0
957,Richard Cetrone,12371,2,28,6.0,130000000.0
958,Peter Wight,17476,2,18,7.0,50000000.0
959,Jackie Earle Haley,17183,2,18,6.5,80000000.0
960,Gregory Itzin,21142,2,18,6.5,40000000.0
961,Lew Temple,37027,2,80,6.0,-10000000.0
962,Randall Duk Kim,9462,2,53,6.5,240000000.0
963,Dale Dickey,46814,1,9648,6.5,160000000.0
964,Jay O. Sanders,6067,2,18,6.5,90000000.0
965,Tara Reid,1234,1,35,5.5,80000000.0
966,Elizabeth Perkins,20,1,35,6.0,200000000.0
967,Jim Gaffigan,84407,2,35,6.0,20000000.0
968,Judge Reinhold,777,2,35,6.5,150000000.0
969,Roger Guenveur Smith,40377,2,18,7.0,30000000.0
970,Bernard Hill,1369,2,12,7.0,490000000.0
971,Selma Blair,11826,1,18,6.0,60000000.0
972,Pat Hingle,3798,2,28,6.0,110000000.0
973,Angus MacInnes,58475,2,878,7.0,130000000.0
974,Kerry Rossall,1402117,2,80,6.5,100000000.0
975,Jason Mewes,19302,2,35,6.5,20000000.0
976,Graham Greene,6804,2,18,6.5,190000000.0
977,Rafe Spall,28847,2,18,7.0,130000000.0
978,Robert John Burke,31512,2,80,6.5,30000000.0
979,Joe Pingue,86237,2,28,6.5,40000000.0
980,Alexander Skarsgård,28846,2,18,6.0,40000000.0
981,Brad William Henke,15376,2,18,6.5,80000000.0
982,Rutger Hauer,585,2,18,6.5,50000000.0
983,Jamie Lee Curtis,8944,1,35,6.5,50000000.0
984,Ted Raimi,11769,2,28,6.5,300000000.0
985,Harry Connick Jr.,18688,2,18,6.5,110000000.0
986,Dash Mihok,6066,2,18,6.5,150000000.0
987,Moritz Bleibtreu,677,2,18,6.5,50000000.0
988,Rob Lowe,2879,2,80,6.5,90000000.0
989,Heather Matarazzo,33656,1,18,6.0,50000000.0
990,Reggie Lee,22075,2,80,7.0,370000000.0
991,Kathy Najimy,11074,1,35,6.0,60000000.0
992,M.C. Gainey,22132,2,35,6.0,150000000.0
993,Alan Dale,52760,2,53,6.0,160000000.0
994,Christopher Eccleston,2040,2,27,6.5,110000000.0
995,Javier Bardem,3810,2,80,6.5,180000000.0
996,Sally Field,35,1,18,6.5,300000000.0
997,Douglas M. Griffin,60881,2,18,6.5,80000000.0
998,Sam Worthington,65731,2,12,6.0,390000000.0
999,Dennis Hopper,2778,2,80,6.5,50000000.0
1000,Teresa Palmer,20374,1,35,6.0,60000000.0
1001,Kat Dennings,52852,1,35,6.5,110000000.0
1002,Brendan Sexton III,2839,2,18,7.0,20000000.0
1003,Cameron Bright,52414,2,18,6.0,320000000.0
1004,Kelly Macdonald,9015,1,18,7.0,100000000.0
1005,Robert Carlyle,18023,2,27,6.5,100000000.0
1006,Joan Allen,11148,1,18,7.0,130000000.0
1007,Alicia Witt,3128,1,80,6.0,20000000.0
1008,Olga Kurylenko,18182,1,80,6.0,90000000.0
1009,Rene Russo,14343,1,35,6.5,170000000.0
1010,David Spade,60950,2,35,6.0,150000000.0
1011,Rance Howard,22250,2,18,7.0,70000000.0
1012,Sebastian Stan,60898,2,18,6.5,320000000.0
1013,David Arquette,15234,2,9648,6.0,60000000.0
1014,Stephen Rea,9029,2,27,6.5,50000000.0
1015,E.G. Daily,15274,1,16,6.0,90000000.0
1016,Loretta Devine,18284,1,18,6.5,100000000.0
1017,Monica Bellucci,28782,1,53,6.5,330000000.0
1018,Curt Clendenin,1263449,2,35,6.5,70000000.0
1019,Anne Heche,8256,1,18,6.0,30000000.0
1020,Marlon Brando,3084,2,80,7.0,110000000.0
1021,Lacey Chabert,22082,1,35,6.0,60000000.0
1022,Josh Gad,54415,2,35,6.5,240000000.0
1023,Tom Savini,11161,2,27,6.5,60000000.0
1024,Nia Long,9781,1,35,6.5,30000000.0
1025,Rob Huebel,80595,2,18,6.5,110000000.0
1026,Jaime King,5915,1,80,6.5,80000000.0
1027,Alanna Ubach,10402,1,35,6.0,120000000.0
1028,Helen McCrory,15737,1,18,7.0,270000000.0
1029,Alexandra Maria Lara,5644,1,18,7.0,20000000.0
1030,Barry Shabaka Henley,8689,2,18,6.5,80000000.0
1031,Bronson Webb,75076,2,12,7.0,330000000.0
1032,Matthew Lewis,96841,2,12,7.5,670000000.0
1033,Aunjanue Ellis,53923,1,18,6.5,40000000.0
1034,Michael Rispoli,18313,2,80,6.0,10000000.0
1035,James Corden,55466,2,18,6.5,50000000.0
1036,Mackenzie Crook,1711,2,12,7.0,340000000.0
1037,Hal Holbrook,11066,2,18,6.5,80000000.0
1038,Aubrey Plaza,119592,1,35,6.0,90000000.0
1039,Graham McTavish,95047,2,18,7.0,330000000.0
1040,Kim Basinger,326,1,80,6.5,90000000.0
1041,Rachelle Lefevre,58168,1,18,6.5,150000000.0
1042,Richard Brake,3901,2,80,6.0,120000000.0
1043,Rooney Mara,108916,1,18,7.0,50000000.0
1044,Wes Studi,15853,2,35,6.5,430000000.0
1045,Andy Dick,43120,2,18,5.5,60000000.0
1046,Tony Hale,25147,2,80,6.0,100000000.0
1047,Harold Perrineau,6195,2,53,6.5,170000000.0
1048,Lorna Scott,73456,1,35,6.5,90000000.0
1049,Jack McBrayer,58737,2,35,6.0,120000000.0
1050,Roger Corman,102429,2,18,7.0,130000000.0
1051,Michael Bowen,2234,2,80,7.0,90000000.0
1052,Ben Barnes,25130,2,12,6.0,80000000.0
1053,Bernie Mac,1897,2,80,6.5,230000000.0
1054,B. J. Novak,107770,2,35,6.5,240000000.0
1055,Christopher Fairbank,8399,2,28,6.5,300000000.0
1056,Rowan Atkinson,10730,2,35,6.5,240000000.0
1057,Nick Searcy,12538,2,18,7.0,130000000.0
1058,Peter Coyote,9979,2,18,6.5,160000000.0
1059,Mike Birbiglia,113373,2,18,6.0,70000000.0
1060,Edie McClurg,3202,1,16,6.0,320000000.0
1061,Julian Glover,740,2,12,7.0,320000000.0
1062,Shaquille O'Neal,35806,2,35,6.0,150000000.0
1063,Ed Lauter,21523,2,80,6.5,70000000.0
1064,Devin Ratray,11516,2,80,6.5,140000000.0
1065,Haley Joel Osment,9640,2,18,6.5,220000000.0
1066,Michael Lonsdale,2369,2,18,6.5,40000000.0
1067,Jeffrey Dean Morgan,47296,2,18,6.0,130000000.0
1068,January Jones,31717,1,18,6.5,60000000.0
1069,Eric Roberts,21315,2,28,6.0,170000000.0
1070,Michael Culkin,8445,2,18,6.5,40000000.0
1071,Blake Lively,59175,1,18,6.5,50000000.0
1072,Jeremy Strong,239271,2,18,7.0,80000000.0
1073,Deobia Oparei,58758,2,28,6.0,160000000.0
1074,Elliott Gould,827,2,80,7.0,140000000.0
1075,Stacey Travis,31714,1,35,6.5,40000000.0
1076,Amber Valletta,38425,1,18,6.0,70000000.0
1077,Janet McTeer,47627,1,18,6.5,140000000.0
1078,Nathan Gamble,18052,2,18,7.0,180000000.0
1079,Janeane Garofalo,21197,1,35,6.0,70000000.0
1080,Penelope Wilton,1249,1,18,7.0,60000000.0
1081,Ed Begley Jr.,42157,2,35,6.0,30000000.0
1082,Neal McDonough,2203,2,28,6.5,60000000.0
1083,Hayden Christensen,17244,2,12,6.5,200000000.0
1084,Sarah Paulson,34490,1,35,6.5,80000000.0
1085,Krysten Ritter,78080,1,35,6.0,30000000.0
1086,Rick Overton,1539,2,35,6.0,90000000.0
1087,Dylan McDermott,32597,2,53,6.0,30000000.0
1088,Mykelti Williamson,34,2,80,6.5,140000000.0
1089,Jimmi Simpson,22125,2,35,6.0,30000000.0
1090,Anders Holm,521563,2,35,6.0,80000000.0
1091,Stacy Keach,825,2,18,6.5,30000000.0
1092,Wood Harris,65829,2,18,6.5,120000000.0
1093,John Ortiz,40543,2,18,6.5,60000000.0
1094,Chris Mulkey,15824,2,18,7.0,110000000.0
1095,Tim Guinee,40275,2,12,6.5,130000000.0
1096,Richard T. Jones,55755,2,9648,6.5,70000000.0
1097,Jesse James,10135,2,18,6.5,140000000.0
1098,Kevin Nash,135352,2,10402,6.0,60000000.0
1099,Pat Healy,60846,2,80,6.5,120000000.0
1100,Zhang Ziyi,1339,1,18,7.0,150000000.0
1101,Gael García Bernal,258,2,18,6.5,20000000.0
1102,Shawnee Smith,2138,1,12,6.5,140000000.0
1103,Benedict Wong,30082,2,18,7.0,130000000.0
1104,Sean Astin,1328,2,12,7.0,420000000.0
1105,Victor Argo,2561,2,80,7.0,10000000.0
1106,Paul Herman,58535,2,80,7.5,80000000.0
1107,June Squibb,35515,1,18,6.5,20000000.0
1108,Yvette Nicole Brown,111513,1,12,6.5,70000000.0
1109,Ritchie Coster,13939,2,80,6.5,160000000.0
1110,Denholm Elliott,656,2,18,7.0,130000000.0
1111,Lesley Manville,72305,1,18,6.5,80000000.0
1112,Aziz Ansari,86626,2,35,6.0,50000000.0
1113,Kristin Chenoweth,52775,1,35,6.0,70000000.0
1114,Vincent Schiavelli,3418,2,18,7.0,110000000.0
1115,Stevie Ray Dallimore,155077,2,18,6.5,140000000.0
1116,Patrick Fugit,11663,2,18,7.0,50000000.0
1117,Neil Flynn,43776,2,12,6.5,180000000.0
1118,Rupert Grint,10989,2,12,7.5,640000000.0
1119,Terry Chen,11677,2,28,6.5,80000000.0
1120,Mindy Kaling,125167,1,35,6.5,260000000.0
1121,Nichelle Nichols,1753,1,53,6.5,60000000.0
1122,Gregory Sporleder,10000,2,18,7.0,130000000.0
1123,Ellen Burstyn,9560,1,18,7.0,130000000.0
1124,Billy Burke,21029,2,18,6.0,360000000.0
1125,Mae Whitman,52404,1,35,6.5,120000000.0
1126,Gal Gadot,90633,1,28,6.0,380000000.0
1127,Ben Schwartz,222121,2,18,6.0,40000000.0
1128,Imogen Poots,17606,1,35,6.5,40000000.0
1129,Mike Judge,17403,2,35,6.0,60000000.0
1130,Jonathan Rhys Meyers,1244,2,18,6.5,60000000.0
1131,Jeff Chase,56448,2,28,6.5,100000000.0
1132,Donal Logue,10825,2,18,6.5,80000000.0
1133,John Cenatiempo,206398,2,80,6.5,80000000.0
1134,Mary Lynn Rajskub,25884,1,18,6.5,50000000.0
1135,Jan Rabson,157626,2,16,7.0,600000000.0
1136,Rex Linn,16937,2,18,6.0,70000000.0
1137,Amber Heard,55085,1,18,6.5,40000000.0
1138,Nathan Lane,78729,2,16,6.0,170000000.0
1139,Mark Moses,11889,2,10752,6.0,60000000.0
1140,Simon Chandler,16273,2,18,6.5,110000000.0
1141,Tara Strong,15762,1,16,6.0,230000000.0
1142,Lizzy Caplan,51988,1,35,6.5,80000000.0
1143,Karen Allen,650,1,12,6.5,180000000.0
1144,Charlie Day,95101,2,35,6.5,200000000.0
1145,Andrew Daly,95875,2,35,6.0,170000000.0
1146,Grant Heslov,31511,2,28,6.0,120000000.0
1147,Dina Meyer,2133,1,53,6.5,90000000.0
1148,Rosemary Harris,18998,1,28,6.5,280000000.0
1149,Julie Christie,1666,1,18,7.0,180000000.0
1150,Claire Forlani,4174,1,80,6.0,40000000.0
1151,Joel McHale,74949,2,35,6.0,160000000.0
1152,Brian Van Holt,12792,2,80,6.0,10000000.0
1153,Fiona Shaw,10981,1,12,6.5,440000000.0
1154,Alan Alda,21278,2,18,6.5,70000000.0
1155,Johnny Simmons,27104,2,35,6.0,20000000.0
1156,Bill Smitrovich,17200,2,28,6.5,220000000.0
1157,Aaron Paul,84497,2,18,6.0,100000000.0
1158,Jon Polito,4253,2,80,7.0,40000000.0
1159,Robert Redford,4135,2,80,7.0,150000000.0
1160,Jay Hernandez,19487,2,27,6.0,130000000.0
1161,Lauren Graham,16858,1,18,6.5,50000000.0
1162,Miguel Sandoval,30488,2,18,7.0,170000000.0
1163,Eli Wallach,3265,2,80,7.0,70000000.0
1164,Peter McRobbie,19489,2,18,6.5,170000000.0
1165,Jean Reno,1003,2,80,6.0,130000000.0
1166,Antoni Corone,20562,2,80,6.5,60000000.0
1167,George Carlin,15903,2,35,6.5,80000000.0
1168,Ray McKinnon,1472,2,18,7.0,90000000.0
1169,Tom McGrath,18864,2,16,6.5,330000000.0
1170,Milo Ventimiglia,16501,2,35,5.5,10000000.0
1171,Brian Steele,12359,2,878,5.5,20000000.0
1172,Chris O'Dowd,40477,2,35,6.5,120000000.0
1173,Michael Wincott,7486,2,12,6.5,100000000.0
1174,Andrew Tiernan,17290,2,10752,7.0,110000000.0
1175,Max Casella,7133,2,18,6.5,70000000.0
1176,John Rhys-Davies,655,2,12,7.5,520000000.0
1177,Zoë Bell,20494,1,18,6.5,130000000.0
1178,Vinnie Jones,980,2,80,6.5,90000000.0
1179,Nonso Anozie,43547,2,18,6.5,80000000.0
1180,Wesley Snipes,10814,2,27,6.0,50000000.0
1181,Scott Adsit,66580,2,18,6.5,110000000.0
1182,Diego Luna,8688,2,18,7.0,70000000.0
1183,Hope Davis,15250,1,18,7.0,230000000.0
1184,Rhoda Griffis,51456,1,10402,6.0,150000000.0
1185,John Kassir,31365,2,35,6.0,300000000.0
1186,Marc McClure,1067,2,35,6.5,150000000.0
1187,Katherine Helmond,381,1,35,6.5,100000000.0
1188,Christopher Knights,12097,2,35,6.5,470000000.0
1189,Steve Bannos,54720,2,35,6.0,70000000.0
1190,Walter Koenig,1754,2,53,6.5,80000000.0
1191,Tika Sumpter,110742,1,35,6.0,80000000.0
1192,Elden Henson,20220,2,12,6.0,190000000.0
1193,Rami Malek,17838,2,35,6.0,270000000.0
1194,Mako,10134,2,12,6.0,80000000.0
1195,Max Thieriot,41883,2,9648,5.5,40000000.0
1196,Marianne Jean-Baptiste,17352,1,28,6.0,50000000.0
1197,Robert Pattinson,11288,2,18,6.5,450000000.0
1198,Kyle Chandler,3497,2,18,6.5,180000000.0
1199,Malin Åkerman,50463,1,35,6.0,60000000.0
1200,Freddie Prinze Jr.,33260,2,9648,5.5,70000000.0
1201,Jürgen Prochnow,920,2,28,6.0,190000000.0
1202,Obba Babatundé,52057,2,18,7.0,90000000.0
1203,Alun Armstrong,2629,2,28,6.0,90000000.0
1204,Mindy Sterling,13924,1,80,6.0,180000000.0
1205,Deborah Kara Unger,13549,1,9648,6.5,40000000.0
1206,Kevin McKidd,9013,2,80,6.5,90000000.0
1207,Jim Caviezel,8767,2,18,6.5,110000000.0
1208,Virginia Madsen,12519,1,18,6.0,30000000.0
1209,Leighton Meester,85825,1,18,6.0,20000000.0
1210,Tracey Walter,3801,2,18,7.0,160000000.0
1211,Maury Chaykin,7868,2,18,6.5,90000000.0
1212,Beau Bridges,2222,2,18,6.0,60000000.0
1213,Connie Nielsen,935,1,18,6.5,70000000.0
1214,Stephen Graham,1115,2,80,7.0,130000000.0
1215,Lynn Cohen,8792,1,18,6.5,150000000.0
1216,Matt Malloy,19208,2,35,6.5,140000000.0
1217,Gemma Jones,9138,1,18,6.5,260000000.0
1218,William Forsythe,4520,2,80,6.5,50000000.0
1219,Marc Blucas,46772,2,35,6.0,20000000.0
1220,Diane Kruger,9824,1,10752,7.0,130000000.0
1221,Jorma Taccone,62863,2,35,6.0,120000000.0
1222,Adam Goldberg,6163,2,35,7.0,100000000.0
1223,James Doohan,1751,2,53,6.5,80000000.0
1224,Flea,1237,2,35,7.0,170000000.0
1225,Tommy Flanagan,2478,2,80,7.0,120000000.0
1226,Jude Ciccolella,8693,2,80,7.0,70000000.0
1227,David Andrews,7219,2,18,7.0,150000000.0
1228,Natasha Lyonne,10871,1,35,6.0,80000000.0
1229,Robert Curtis Brown,233298,2,35,6.0,160000000.0
1230,Tom Berenger,13022,2,10752,7.0,150000000.0
1231,Jordi Mollà,31384,2,28,6.5,40000000.0
1232,Richard Dreyfuss,3037,2,18,7.0,140000000.0
1233,Nikolaj Coster-Waldau,12795,2,35,6.0,80000000.0
1234,Ken Leung,2131,2,18,7.0,110000000.0
1235,Justin Theroux,15009,2,35,6.0,50000000.0
1236,Paul Reubens,5129,2,80,6.5,140000000.0
1237,Harry Lennix,9464,2,53,6.5,290000000.0
1238,Robert Loggia,1162,2,28,6.5,160000000.0
1239,Tom Skerritt,4139,2,27,6.5,140000000.0
1240,Kathleen Turner,3391,1,35,6.0,50000000.0
1241,Elizabeth Marvel,126713,1,18,6.5,90000000.0
1242,Anthony Daniels,6,2,12,7.5,620000000.0
1243,Deneen Tyler,29933,1,18,7.0,110000000.0
1244,Lucas Black,155,2,9648,6.5,240000000.0
1245,Sam Claflin,237455,2,12,6.5,420000000.0
1246,Willie Garson,1542,2,35,6.5,100000000.0
1247,Danny Aiello,1004,2,18,7.5,0.0
1248,Samantha Mathis,20767,1,18,6.0,20000000.0
1249,Steven Berkoff,782,2,80,6.5,160000000.0
1250,Alia Shawkat,61178,1,35,6.0,0.0
1251,Sienna Guillory,7055,1,27,6.0,120000000.0
1252,Eddie Jemison,1898,2,80,6.5,190000000.0
1253,Kim Coates,8335,2,10752,6.5,120000000.0
1254,Josh Pais,6181,2,18,6.5,60000000.0
1255,Nick Chinlund,18461,2,28,6.0,80000000.0
1256,Mary-Louise Parker,18248,1,80,6.5,10000000.0
1257,Fionnula Flanagan,58068,1,35,6.5,30000000.0
1258,Charles Napier,16119,2,80,7.0,130000000.0
1259,Ken Marino,77089,2,35,6.0,60000000.0
1260,Lois Smith,2207,1,18,6.5,150000000.0
1261,Clark Duke,54729,2,35,6.5,120000000.0
1262,Martin Donovan,42993,2,18,6.5,70000000.0
1263,Megan Fox,19537,1,35,6.0,270000000.0
1264,Fulvio Cecere,65808,2,18,6.5,50000000.0
1265,Michael Dorn,2391,2,53,6.5,80000000.0
1266,Leslie Nielsen,7633,2,35,6.0,60000000.0
1267,Lee Pace,72095,2,18,7.0,530000000.0
1268,David Duchovny,12640,2,18,6.0,30000000.0
1269,Jay Mohr,12217,2,35,6.0,30000000.0
1270,Scott Lawrence,42317,2,28,6.5,480000000.0
1271,Gerry Becker,19468,2,18,7.0,110000000.0
1272,John McConnell,16459,2,18,6.5,90000000.0
1273,Adam LeFevre,61607,2,18,6.5,30000000.0
1274,Paul Reiser,781,2,18,7.0,110000000.0
1275,Génesis Rodríguez,589162,1,80,6.0,90000000.0
1276,Ray Baker,12889,2,18,6.5,90000000.0
1277,Steve Coulter,80619,2,27,7.0,370000000.0
1278,Woody Allen,1243,2,35,6.5,30000000.0
1279,Eva Green,10912,1,10752,6.0,150000000.0
1280,Michael Stuhlbarg,72873,2,18,6.5,110000000.0
1281,Richard E. Grant,20766,2,18,6.5,60000000.0
1282,Anatole Taubman,62892,2,28,6.0,120000000.0
1283,Spencer Treat Clark,4012,2,80,7.0,150000000.0
1284,Jayne Eastwood,4568,1,18,6.5,150000000.0
1285,Richard Bremmer,19903,2,18,6.5,50000000.0
1286,Bonnie Wright,10991,1,12,7.5,750000000.0
1287,Bill Duke,1103,2,53,6.5,100000000.0
1288,Ken Stott,25136,2,12,7.0,410000000.0
1289,Jessica Hecht,14984,1,35,6.5,20000000.0
1290,Melissa George,27755,1,27,6.5,20000000.0
1291,Adam Driver,1023139,2,18,6.5,40000000.0
1292,Aaron Yoo,54247,2,35,6.0,40000000.0
1293,Shannon Elizabeth,21596,1,35,6.0,110000000.0
1294,Shawn Roberts,81097,2,27,6.0,130000000.0
1295,Laurie Metcalf,12133,1,16,7.0,320000000.0
1296,Ana Gasteyer,86267,1,35,6.0,70000000.0
1297,Verne Troyer,10987,2,80,6.0,230000000.0
1298,Kenneth Cranham,26258,2,80,6.5,130000000.0
1299,Michael York,13919,2,80,6.5,250000000.0
1300,Elya Baskin,2368,2,28,6.0,280000000.0
1301,Joe Cobden,51389,2,9648,6.5,110000000.0
1302,Patricia Arquette,4687,1,18,7.0,-10000000.0
1303,Matyelok Gibbs,17479,1,18,6.5,40000000.0
1304,Stockard Channing,8893,1,18,6.5,40000000.0
1305,Craig Bierko,14886,2,18,6.5,30000000.0
1306,Paula Malcomson,47533,1,12,7.0,450000000.0
1307,Emmy Rossum,4730,1,18,6.0,110000000.0
1308,Joy Bryant,52847,1,35,6.0,120000000.0
1309,James Fox,1292,2,35,7.0,130000000.0
1310,London Hall,1553308,1,18,7.0,170000000.0
1311,Gary Sievers,1580574,2,35,6.5,270000000.0
1312,Ulrich Thomsen,4455,2,80,6.0,60000000.0
1313,Billy Magnussen,141034,2,18,6.5,60000000.0
1314,Vincent Regan,9831,2,10752,6.0,190000000.0
1315,Tony Jay,65598,2,35,6.0,50000000.0
1316,Mark Lenard,1820,2,53,7.0,70000000.0
1317,Geraldine Chaplin,400,1,18,6.0,10000000.0
1318,Afemo Omilami,37825,2,18,7.0,300000000.0
1319,Freddie Highmore,1281,2,18,6.5,100000000.0
1320,Frank Pesce,101615,2,18,7.0,100000000.0
1321,Bridget Moynahan,18354,1,35,6.5,80000000.0
1322,Jimi Mistry,16756,2,35,6.5,110000000.0
1323,Lynn Collins,21044,1,35,6.5,90000000.0
1324,Joe Nunez,54696,2,35,7.0,130000000.0
1325,Richard Armitage,30315,2,28,7.0,440000000.0
1326,Bruno Kirby,9257,2,80,7.0,90000000.0
1327,Miko Hughes,8186,2,35,6.0,100000000.0
1328,Patrick Sabongui,102742,2,28,6.5,130000000.0
1329,Boyd Banks,20196,2,9648,6.5,20000000.0
1330,Alison Lohman,8291,1,18,6.5,30000000.0
1331,Gérard Depardieu,16927,2,18,6.5,100000000.0
1332,Matthew Macfadyen,15576,2,18,6.5,50000000.0
1333,Peter Gallagher,8212,2,18,7.0,80000000.0
1334,Pat Roach,10942,2,12,6.5,250000000.0
1335,Andre Braugher,6861,2,18,6.5,90000000.0
1336,Greg Collins,58950,2,28,6.5,250000000.0
1337,Lindsay Duncan,30083,1,18,7.0,320000000.0
1338,Judah Friedlander,52860,2,35,6.0,130000000.0
1339,Kurt Fuller,29685,2,10402,7.0,80000000.0
1340,Colin Stinton,23608,2,18,7.0,90000000.0
1341,Don McManus,79025,2,9648,7.0,130000000.0
1342,Steve Kahan,14328,2,28,6.0,70000000.0
1343,Jon Tenney,4602,2,18,6.0,30000000.0
1344,Tom Arnold,74036,2,35,6.0,70000000.0
1345,Hugh Dancy,12791,2,18,6.5,10000000.0
1346,Evan Jones,333,2,18,6.5,50000000.0
1347,John Savage,47879,2,18,7.0,40000000.0
1348,Alicia Vikander,227454,1,18,6.5,70000000.0
1349,Michael Lerner,4250,2,35,6.5,120000000.0
1350,Taylor Kitsch,60900,2,12,6.0,80000000.0
1351,Mahershala Ali,932967,2,14,6.5,230000000.0
1352,Tony Cox,19754,2,35,6.0,170000000.0
1353,Paul Sorvino,7004,2,35,7.0,70000000.0
1354,Kim Dickens,21165,1,18,7.0,110000000.0
1355,Philip Bosco,6541,2,18,6.5,110000000.0
1356,Steve Guttenberg,26472,2,18,6.0,30000000.0
1357,Gregory Smith,20814,2,35,6.0,10000000.0
1358,Jeanine Jackson,152355,1,35,6.5,40000000.0
1359,Scott Porter,53368,2,35,5.5,30000000.0
1360,Mark Webber,4451,2,80,6.0,-0.0
1361,Britt Robertson,52018,1,18,6.5,10000000.0
1362,Sofia Coppola,1769,1,80,7.0,200000000.0
1363,Tchéky Karyo,10698,2,28,6.0,60000000.0
1364,Evangeline Lilly,19034,1,28,7.0,340000000.0
1365,Becca Sweitzer,1752319,1,35,6.0,80000000.0
1366,Alexandra Daddario,109513,1,12,6.0,110000000.0
1367,William Devane,21416,2,80,7.0,260000000.0
1368,David Patrick Kelly,1737,2,18,6.5,20000000.0
1369,Peter Gerety,1986,2,80,7.0,50000000.0
1370,M. Night Shyamalan,11614,2,9648,6.0,250000000.0
1371,Pierfrancesco Favino,17839,2,878,6.5,200000000.0
1372,Jake Abel,105727,2,12,6.0,60000000.0
1373,Emilio Rivera,53257,2,80,6.5,200000000.0
1374,John Patrick Amedori,43464,2,18,7.0,30000000.0
1375,Oprah Winfrey,13309,1,18,7.0,90000000.0
1376,Nikki Reed,59252,1,18,6.0,390000000.0
1377,Fisher Stevens,26473,2,80,6.0,10000000.0
1378,Ezra Buzzington,59285,2,18,7.0,50000000.0
1379,Jake Busey,28410,2,18,6.5,40000000.0
1380,Robert Knepper,17343,2,18,6.0,220000000.0
1381,Fred Keating,963962,2,35,6.0,40000000.0
1382,Carmen Argenziano,28413,2,80,6.5,90000000.0
1383,Harold Gould,14833,2,35,6.0,90000000.0
1384,Laz Alonso,10964,2,18,6.5,430000000.0
1385,John Hannah,10727,2,18,6.5,150000000.0
1386,Emilio Estevez,2880,2,80,6.5,80000000.0
1387,Eric Idle,10713,2,35,6.0,140000000.0
1388,Penelope Ann Miller,14698,1,18,6.5,60000000.0
1389,Robin Atkin Downes,130081,2,28,6.5,460000000.0
1390,Martin Starr,41089,2,35,6.5,70000000.0
1391,Randall Park,79082,2,35,6.0,60000000.0
1392,Spencer Locke,57192,1,27,6.0,90000000.0
1393,Kathleen Freeman,7210,1,80,7.0,120000000.0
1394,Julie White,24305,1,28,6.5,440000000.0
1395,Debi Mazar,5578,1,80,6.0,80000000.0
1396,Alexander Siddig,2957,2,12,6.0,50000000.0
1397,Kimberly Scott,1984,1,18,7.0,50000000.0
1398,Maximilian Schell,12150,2,18,6.5,10000000.0
1399,Jack Davenport,1709,2,12,7.0,360000000.0
1400,Ruth Sheen,53367,1,18,6.5,0.0
1401,John Rothman,60205,2,18,6.0,40000000.0
1402,Clement von Franckenstein,43115,2,35,6.0,40000000.0
1403,David Denman,62562,2,18,6.5,50000000.0
1404,Mark Smith,1214974,2,18,6.5,110000000.0
1405,Jodelle Ferland,8338,1,9648,6.0,120000000.0
1406,Ezra Miller,132157,2,18,6.5,220000000.0
1407,Anne Bancroft,10774,1,35,6.5,30000000.0
1408,Keri Russell,41292,1,35,6.5,160000000.0
1409,Kodi Smit-McPhee,113505,2,18,7.0,160000000.0
1410,Madonna,3125,1,35,6.0,90000000.0
1411,Kelli Garner,17442,1,18,6.0,20000000.0
1412,Peter Jacobson,31514,2,18,6.5,210000000.0
1413,Kerry Cahill,1049830,1,12,6.0,90000000.0
1414,Tyler Perry,80602,2,18,6.5,130000000.0
1415,Lori Alan,24358,1,16,7.0,530000000.0
1416,Odette Annable,51992,1,35,6.0,180000000.0
1417,Geoffrey Keen,10462,2,53,6.5,150000000.0
1418,Angus Barnett,1714,2,18,7.0,210000000.0
1419,Leigh Whannell,2128,2,27,6.5,170000000.0
1420,Edi Gathegi,39391,2,18,6.0,220000000.0
1421,Josh Charles,2694,2,18,6.5,50000000.0
1422,Ming Lo,945062,2,18,7.0,100000000.0
1423,Lily Tomlin,10437,1,35,6.0,20000000.0
1424,George Harris,2247,2,878,7.0,200000000.0
1425,Amanda Bynes,29220,1,35,6.0,50000000.0
1426,Daniel von Bargen,1473,2,18,7.0,70000000.0
1427,Daryl Hannah,589,1,18,7.0,60000000.0
1428,Timothy Dalton,10669,2,28,6.5,200000000.0
1429,Henry Cavill,73968,2,35,6.5,220000000.0
1430,Jack Thompson,12536,2,18,6.0,90000000.0
1431,Michael Parks,2536,2,80,7.0,130000000.0
1432,Cobie Smulders,71189,1,28,7.0,570000000.0
1433,Spencer Garrett,49275,2,28,6.0,190000000.0
1434,Dana Carvey,56159,2,35,5.5,210000000.0
1435,Rhona Mitra,25702,1,28,6.0,60000000.0
1436,Togo Igawa,9192,2,18,6.5,80000000.0
1437,Ian Abercrombie,11764,2,35,6.5,60000000.0
1438,Mary Beth Hurt,54782,1,18,6.0,10000000.0
1439,Jeremy Sisto,23958,2,80,6.5,0.0
1440,Bob Peterson,10,2,16,7.5,630000000.0
1441,Robert Davi,2055,2,53,6.0,60000000.0
1442,Christian Berkel,7803,2,10752,7.0,80000000.0
1443,Sanaa Lathan,5411,1,35,6.5,100000000.0
1444,Bokeem Woodbine,71913,2,28,6.5,70000000.0
1445,Michael Maloney,17483,2,18,7.0,40000000.0
1446,Morris Chestnut,9779,2,80,6.5,60000000.0
1447,Len Cariou,41247,2,27,7.0,60000000.0
1448,Hayley Atwell,39459,1,28,7.0,460000000.0
1449,Shaun Toub,17857,2,28,6.5,360000000.0
1450,Martin Savage,30328,2,18,7.0,20000000.0
1451,Stuart Wilson,14344,2,18,6.5,90000000.0
1452,Alice Krige,2506,1,18,6.5,120000000.0
1453,Kevin Zegers,7431,2,27,6.0,20000000.0
1454,Spike Jonze,5953,2,18,7.0,80000000.0
1455,Rod Steiger,522,2,18,7.0,40000000.0
1456,Ophelia Lovibond,82639,1,28,6.5,220000000.0
1457,Jennifer Ehle,49971,1,18,6.5,210000000.0
1458,John Mahoney,4251,2,18,7.0,20000000.0
1459,James Le Gros,6474,2,18,6.5,70000000.0
1460,Maurice LaMarche,34521,2,16,7.0,290000000.0
1461,Rita Wilson,12931,1,35,6.0,50000000.0
1462,Alice Braga,8602,1,18,6.5,120000000.0
1463,Frank Adonis,4692,2,80,7.5,30000000.0
1464,Megan Mullally,52119,1,16,6.0,90000000.0
1465,Brett Rice,29934,2,18,7.0,170000000.0
1466,Joel Kinnaman,92404,2,80,6.0,140000000.0
1467,Velibor Topic,34515,2,80,6.0,110000000.0
1468,James Spader,13548,2,18,6.5,210000000.0
1469,James Coburn,5563,2,35,6.5,100000000.0
1470,Teri Wyble,565501,1,18,6.0,50000000.0
1471,Rainer Bock,65054,2,10752,7.0,120000000.0
1472,Michael Chernus,87070,2,18,6.0,90000000.0
1473,Donna Murphy,2517,1,28,6.5,180000000.0
1474,Ariel Winter,42160,1,16,6.5,150000000.0
1475,Michael Byrne,742,2,10752,7.0,130000000.0
1476,Karel Roden,10841,2,80,6.5,70000000.0
1477,CCH Pounder,30485,1,12,6.5,470000000.0
1478,Jamie Waylett,956224,2,12,7.5,750000000.0
1479,Elizabeth Reaser,53755,1,18,6.0,390000000.0
1480,Hailee Steinfeld,130640,1,18,6.5,90000000.0
1481,Michael Gaston,33241,2,18,6.5,20000000.0
1482,Michael Massee,9289,2,28,6.5,240000000.0
1483,Alec Utgoff,1196960,2,53,6.0,170000000.0
1484,David Sterne,117654,2,18,6.5,140000000.0
1485,Roger Bart,45566,2,35,6.5,60000000.0
1486,Scott Wilson,6914,2,80,7.0,140000000.0
1487,Joe Manganiello,20580,2,28,6.0,270000000.0
1488,Bill Irwin,58549,2,18,6.0,120000000.0
1489,Nadine Ellis,168925,1,35,6.5,160000000.0
1490,Piper Laurie,6721,1,18,6.5,0.0
1491,Rosemarie DeWitt,14892,1,18,6.5,10000000.0
1492,Lindsay Lohan,49265,1,35,6.0,50000000.0
1493,Clyde Kusatsu,2249,2,18,5.5,30000000.0
1494,Sung Kang,61697,2,80,6.5,400000000.0
1495,Josh Duhamel,19536,2,28,6.0,390000000.0
1496,Julian Rhind-Tutt,7031,2,18,6.5,110000000.0
1497,Jim Sturgess,38941,2,18,7.0,10000000.0
1498,Ed Gale,1471,2,35,6.0,20000000.0
1499,Eileen Atkins,20300,1,35,6.0,40000000.0
1500,Sean Harris,16702,2,80,6.5,130000000.0
1501,Beverly D'Angelo,821,1,18,7.0,30000000.0
1502,Julia Ormond,15887,1,18,6.5,60000000.0
1503,Bill Nunn,5502,2,28,6.5,330000000.0
1504,Mike Vogel,6858,2,18,6.5,50000000.0
1505,Bodhi Elfman,154883,2,80,6.5,140000000.0
1506,Grace Zabriskie,6465,1,18,6.5,130000000.0
1507,Kali Rocha,149665,1,35,6.0,110000000.0
1508,Scott Speedman,100,2,18,6.5,50000000.0
1509,Googy Gress,93846,2,35,6.0,100000000.0
1510,Jeremy Howard,15034,2,35,6.5,170000000.0
1511,Eddie Redmayne,37632,2,18,6.5,90000000.0
1512,Larry King,44127,2,35,6.5,400000000.0
1513,Zach Grenier,7471,2,80,7.0,110000000.0
1514,Eddie Kaye Thomas,52480,2,35,6.0,90000000.0
1515,Aidan Quinn,18992,2,18,6.5,30000000.0
1516,Michael Ironside,11086,2,28,7.0,150000000.0
1517,Josh Herdman,11212,2,12,7.5,750000000.0
1518,Peter Mullan,3064,2,10752,7.0,70000000.0
1519,Robert Clotworthy,35172,2,9648,7.0,190000000.0
1520,Rachel Nichols,50347,1,18,6.0,90000000.0
1521,Dabney Coleman,12850,2,35,6.5,70000000.0
1522,Tom Hiddleston,91606,2,28,7.0,390000000.0
1523,Josh Hamilton,52419,2,18,6.5,80000000.0
1524,Kevin Eldon,39185,2,80,7.0,70000000.0
1525,Armin Mueller-Stahl,12647,2,9648,6.5,50000000.0
1526,Method Man,5384,2,35,6.0,30000000.0
1527,Rodger Bumpass,70615,2,16,7.0,120000000.0
1528,Jim Piddock,120560,2,18,6.5,170000000.0
1529,Simon Baker,1284159,2,18,6.5,80000000.0
1530,Jack Angel,19545,2,16,7.5,430000000.0
1531,Frank Whaley,11805,2,18,7.0,140000000.0
1532,Burt Reynolds,16475,2,35,6.0,50000000.0
1533,Charlotte Rampling,44079,1,18,7.0,10000000.0
1534,Jean-Claude Van Damme,15111,2,53,6.0,210000000.0
1535,Michael Rapaport,4688,2,18,6.5,80000000.0
1536,Devon Murray,234922,2,12,7.5,750000000.0
1537,Lennie Loftin,42200,2,80,7.0,110000000.0
1538,Temuera Morrison,7242,2,12,6.5,340000000.0
1539,Richard Portnow,4255,2,80,7.0,140000000.0
1540,Caroline Goodall,6692,1,35,6.5,150000000.0
1541,John Billingsley,21722,2,18,6.5,110000000.0
1542,Judd Hirsch,6167,2,28,6.5,240000000.0
1543,Steven Spielberg,488,2,12,7.0,220000000.0
1544,Jesse Plemons,88124,2,18,6.5,50000000.0
1545,Dougray Scott,15336,2,18,6.0,90000000.0
1546,Josh Stewart,40039,2,18,7.0,260000000.0
1547,Margot Robbie,234352,1,18,7.0,220000000.0
1548,Colm Meaney,17782,2,80,6.5,70000000.0
1549,Patrick McDade,1128450,2,80,7.0,170000000.0
1550,Angus Macfadyen,2464,2,80,6.5,70000000.0
1551,Tim Meadows,51857,2,35,5.5,110000000.0
1552,James Phelps,96851,2,12,7.5,750000000.0
1553,Cherry Jones,1956,1,18,6.5,160000000.0
1554,Ralph Brown,53916,2,18,6.5,160000000.0
1555,Frances O'Connor,1518,1,18,6.0,50000000.0
1556,Steven Ford,9258,2,9648,6.5,110000000.0
1557,Carrie Preston,7465,1,18,6.5,50000000.0
1558,Clay Chamberlin,1503756,2,35,6.5,50000000.0
1559,Amaury Nolasco,17341,2,28,5.5,160000000.0
1560,Jozef Aoki,1388891,2,28,6.5,200000000.0
1561,Charlton Heston,10017,2,12,6.5,190000000.0
1562,Charles Fleischer,12826,2,35,6.5,90000000.0
1563,Sandra Ellis Lafferty,427,1,9648,7.0,260000000.0
1564,Giannina Facio,58787,1,10752,6.5,160000000.0
1565,Andrew Havill,176191,2,18,7.0,190000000.0
1566,Vinessa Shaw,5025,1,35,6.5,30000000.0
1567,David Alan Grier,58563,2,16,5.5,30000000.0
1568,Samantha Morton,2206,1,18,7.0,50000000.0
1569,Michael O'Neill,21710,2,18,6.5,130000000.0
1570,Michael Biehn,2712,2,53,7.0,90000000.0
1571,Brent Briscoe,15011,2,9648,7.0,270000000.0
1572,Seymour Cassel,5950,2,18,6.5,20000000.0
1573,Shailene Woodley,94185,1,12,6.5,150000000.0
1574,Matt Frewer,40009,2,35,6.5,100000000.0
1575,Donald Glover,119589,2,10402,6.0,150000000.0
1576,Christopher Reeve,20006,2,878,6.0,70000000.0
1577,Johnathon Schaech,51670,2,80,5.5,20000000.0
1578,Alec Guinness,12248,2,12,7.5,330000000.0
1579,Brian O'Halloran,23629,2,35,7.0,10000000.0
1580,Alice Eve,59860,1,28,6.0,180000000.0
1581,John Shrapnel,940,2,18,7.0,160000000.0
1582,Nat Wolff,232006,2,18,6.5,100000000.0
1583,Craig Ferguson,24264,2,35,7.0,230000000.0
1584,Illeana Douglas,7796,1,18,6.5,20000000.0
1585,Johnny Knoxville,9656,2,35,6.0,120000000.0
1586,Til Schweiger,1844,2,53,6.0,100000000.0
1587,Scott Eastwood,928572,2,18,7.0,180000000.0
1588,Sala Baker,1366,2,28,7.0,380000000.0
1589,Yasiin Bey,4239,2,18,6.5,40000000.0
1590,Oliver Phelps,140368,2,12,7.5,750000000.0
1591,Shannyn Sossamon,27855,1,18,6.5,30000000.0
1592,Léa Seydoux,121529,1,12,7.0,300000000.0
1593,Judy Davis,351,1,18,6.0,40000000.0
1594,John Gielgud,11857,2,18,6.5,40000000.0
1595,Noel Fisher,80352,2,35,5.5,230000000.0
1596,Lloyd Kaufman,78021,2,28,7.0,140000000.0
1597,Piper Perabo,15555,1,35,6.5,40000000.0
1598,Joshua Jackson,11866,2,35,6.0,50000000.0
1599,Ansel Elgort,1159982,2,12,6.5,150000000.0
1600,Jennifer Tilly,7906,1,16,6.5,130000000.0
1601,Greg Ellis,4031,2,12,7.0,640000000.0
1602,AnnaSophia Robb,1285,1,18,6.5,100000000.0
1603,Talia Shire,3094,1,80,7.5,80000000.0
1604,Gabriel Macht,16856,2,35,5.5,20000000.0
1605,Nicole Ari Parker,74615,1,18,6.5,30000000.0
1606,Stephen Dorff,10822,2,18,6.0,60000000.0
1607,Randy Quaid,1811,2,35,6.0,140000000.0
1608,KaDee Strickland,20388,1,9648,6.5,190000000.0
1609,Rachel Ticotin,10768,1,18,6.5,100000000.0
1610,Raymond J. Barry,10361,2,35,6.5,90000000.0
1611,Robert Smigel,53684,2,35,6.0,130000000.0
1612,Michael B. Jordan,135651,2,18,6.5,60000000.0
1613,Michael Hitchcock,75463,2,35,6.5,40000000.0
1614,Natalie Dormer,58502,1,28,6.0,250000000.0
1615,Tom Everett,140250,2,28,6.5,310000000.0
1616,Peter Dante,20819,2,35,6.0,80000000.0
1617,Ernest Borgnine,7502,2,35,6.5,10000000.0
1618,Dwight Yoakam,20309,2,80,6.0,40000000.0
1619,Marlon Wayans,9562,2,35,6.0,80000000.0
1620,Ben Gazzara,856,2,80,7.0,20000000.0
1621,Lambert Wilson,2192,2,53,6.0,140000000.0
1622,Daniel Cudmore,84222,2,18,6.5,510000000.0
1623,John Witherspoon,56902,2,35,6.0,30000000.0
1624,Skylar Astin,73128,2,10402,6.5,120000000.0
1625,Christine Baranski,11870,1,35,6.5,200000000.0
1626,Harris Yulin,1166,2,80,7.0,60000000.0
1627,Bruno Ganz,2310,2,18,6.5,50000000.0
1628,Lara Flynn Boyle,6684,1,18,6.0,100000000.0
1629,Amanda Plummer,99,1,18,7.0,150000000.0
1630,Bruce Altman,27545,2,18,6.5,30000000.0
1631,Catherine Reitman,154826,1,35,6.5,130000000.0
1632,Jason Robards,4765,2,18,7.0,90000000.0
1633,Jesper Christensen,2244,2,18,6.5,250000000.0
1634,Greg Germann,19974,2,18,5.5,50000000.0
1635,Todd Field,5010,2,18,6.5,80000000.0
1636,Dendrie Taylor,81462,1,9648,6.5,60000000.0
1637,Jessica Lucas,51989,1,28,6.0,40000000.0
1638,Martin Lawrence,78029,2,35,6.0,80000000.0
1639,Gillian Vigman,61182,1,35,6.0,130000000.0
1640,Geraldine James,11855,1,80,7.0,290000000.0
1641,Justine Wachsberger,84227,1,35,6.0,160000000.0
1642,Brian Dennehy,6197,2,80,6.5,120000000.0
1643,Abraham Benrubi,21132,2,35,6.0,70000000.0
1644,Fairuza Balk,826,1,18,7.0,20000000.0
1645,Joey Lauren Adams,16484,1,35,6.5,50000000.0
1646,Rebecca Romijn,11008,1,53,6.5,160000000.0
1647,Nicholas Farrell,32357,2,18,6.5,80000000.0
1648,Jay Leno,14991,2,16,6.5,210000000.0
1649,Rory Cochrane,51792,2,18,6.5,70000000.0
1650,Isiah Whitlock Jr.,17490,2,80,6.5,30000000.0
1651,Jennifer Love Hewitt,33259,1,9648,5.5,30000000.0
1652,Thom Barry,8175,2,18,6.5,150000000.0
1653,Alison Folland,2841,1,18,7.0,60000000.0
1654,Skipp Sudduth,33658,2,18,6.0,30000000.0
1655,Pierce Gagnon,992427,2,9648,6.5,90000000.0
1656,Aisha Hinds,1192492,1,18,7.0,80000000.0
1657,Tom Hulce,3999,2,10402,7.0,70000000.0
1658,Faran Tahir,57452,2,28,7.0,180000000.0
1659,David Zayas,22821,2,18,6.0,70000000.0
1660,Leslie Bibb,57451,1,80,6.5,200000000.0
1661,David Herman,52794,2,35,6.5,60000000.0
1662,James Duval,1582,2,80,7.0,180000000.0
1663,Joss Ackland,14324,2,35,6.5,20000000.0
1664,Rosemary Murphy,8492,1,18,6.5,10000000.0
1665,Abbie Cornish,37260,1,28,6.5,30000000.0
1666,Bruce Davison,52374,2,9648,6.0,110000000.0
1667,Chadwick Boseman,172069,2,18,6.5,200000000.0
1668,Nicholas Campbell,14902,2,27,7.0,20000000.0
1669,Jerry Ferrara,98953,2,35,6.5,80000000.0
1670,Glenn Plummer,2683,2,80,6.0,170000000.0
1671,David Bowie,7487,2,18,6.5,30000000.0
1672,Mélanie Laurent,19119,1,18,6.5,60000000.0
1673,George Cheung,16580,2,10752,7.0,110000000.0
1674,Ricardo Montalban,1793,2,28,6.0,70000000.0
1675,Andrew Airlie,41436,2,18,6.0,160000000.0
1676,Gina Gershon,11150,1,80,6.5,50000000.0
1677,Arliss Howard,3229,2,18,6.5,40000000.0
1678,Wilbur Fitzgerald,41019,2,18,6.5,170000000.0
1679,Michael Shamus Wiles,9291,2,9648,6.5,90000000.0
1680,Jonathan Tucker,17243,2,18,6.5,30000000.0
1681,Paul Eiding,86006,2,16,7.5,170000000.0
1682,Endre Hules,43461,2,18,7.0,170000000.0
1683,Gary A. Hecker,1077782,2,12,6.5,320000000.0
1684,Stuart Greer,33262,2,18,6.5,50000000.0
1685,Jonny Lee Miller,9012,2,80,6.5,20000000.0
1686,Donnie Wahlberg,2680,2,80,6.5,210000000.0
1687,Arthur J. Nascarella,28033,2,18,6.5,30000000.0
1688,Richmond Arquette,7472,2,80,7.0,100000000.0
1689,Michael Murphy,4776,2,18,6.5,100000000.0
1690,Rick Yune,10883,2,28,6.0,110000000.0
1691,Mike Dopud,64674,2,878,6.5,290000000.0
1692,Liz Cackowski,448309,1,35,6.0,120000000.0
1693,Laura Cayouette,565498,1,18,6.5,130000000.0
1694,Franka Potente,679,1,18,7.0,140000000.0
1695,Madeline Carroll,62564,1,27,6.0,60000000.0
1696,Danny Woodburn,13645,2,35,6.0,100000000.0
1697,Chloë Sevigny,2838,1,80,7.0,10000000.0
1698,Irma P. Hall,43853,1,18,6.5,60000000.0
1699,Judd Lormand,990136,2,12,6.5,290000000.0
1700,Oded Fehr,18041,2,27,6.0,150000000.0
1701,Michael Imperioli,11486,2,80,7.0,80000000.0
1702,Charles S. Dutton,17764,2,27,6.5,120000000.0
1703,Dolph Lundgren,16644,2,53,6.0,140000000.0
1704,Ken Watanabe,3899,2,12,7.0,430000000.0
1705,Columbus Short,31132,2,12,5.5,90000000.0
1706,Adam Shankman,20739,2,80,6.5,80000000.0
1707,Kristen Johnston,13635,1,35,5.5,80000000.0
1708,Mark Duplass,45407,2,18,6.0,50000000.0
1709,Rob Brydon,47632,2,18,6.5,100000000.0
1710,Marin Ireland,164094,1,18,6.5,120000000.0
1711,Donald Trump,33663,2,35,6.0,80000000.0
1712,Josef Sommer,14792,2,18,7.0,160000000.0
1713,Thomas Brodie-Sangster,25663,2,18,7.0,150000000.0
1714,Kevin Grevioux,3952,2,12,6.0,70000000.0
1715,Todd Louiso,3230,2,18,6.5,110000000.0
1716,Katy Mixon,59450,1,18,6.0,240000000.0
1717,Donald Pleasence,9221,2,12,7.0,40000000.0
1718,Melora Walters,4766,1,18,7.0,50000000.0
1719,Troy Evans,31006,2,18,6.0,50000000.0
1720,Colin Quinn,1219901,2,35,6.0,90000000.0
1721,Mark Pellegrino,1236,2,9648,7.0,70000000.0
1722,Armie Hammer,53807,2,35,6.5,30000000.0
1723,Tim Kelleher,72864,2,12,7.0,300000000.0
1724,Lee Byung-hun,25002,2,53,6.0,110000000.0
1725,Sydney Pollack,2226,2,35,6.5,90000000.0
1726,Valerie Perrine,26483,1,878,6.0,160000000.0
1727,Ashlie Atkinson,77264,1,80,7.0,140000000.0
1728,Debbie Reynolds,8857,1,10402,6.5,-0.0
1729,Lennie James,1120,2,80,6.5,40000000.0
1730,George Wyner,14669,2,35,6.5,90000000.0
1731,Nicholas Woodeson,118617,2,18,6.5,180000000.0
1732,Yaya DaCosta,60033,1,18,6.5,100000000.0
1733,Roger Rees,16407,2,53,6.5,40000000.0
1734,Wendie Malick,61980,1,35,6.5,40000000.0
1735,Jon Gries,9629,2,35,6.5,220000000.0
1736,Christine Taylor,15286,1,35,6.0,80000000.0
1737,James Nesbitt,34715,2,12,7.0,450000000.0
1738,Dave Goelz,64181,2,878,6.5,170000000.0
1739,Lena Dunham,139135,1,18,5.5,10000000.0
1740,Ian Richardson,385,2,9648,7.0,10000000.0
1741,John Neville,12642,2,9648,6.5,70000000.0
1742,Ricky Jay,10743,2,18,7.0,10000000.0
1743,Jessica Lange,4431,1,18,7.0,110000000.0
1744,Ray Wise,6719,2,27,6.0,70000000.0
1745,Christopher Evan Welch,60021,2,18,6.5,20000000.0
1746,Peter Capaldi,12982,2,18,6.5,100000000.0
1747,Daryl Sabara,57675,2,35,5.5,80000000.0
1748,Terry O'Quinn,12646,2,37,6.5,20000000.0
1749,Casey Siemaszko,1953,2,35,7.5,170000000.0
1750,Corey Feldman,3034,2,35,7.0,60000000.0
1751,Gary Basaraba,96228,2,18,6.0,160000000.0
1752,Collette Wolfe,86624,1,18,6.0,150000000.0
1753,Omid Djalili,41379,2,18,6.0,150000000.0
1754,Ted Danson,12836,2,18,6.5,180000000.0
1755,Jack Lemmon,3151,2,18,7.5,50000000.0
1756,Daniel Kash,10210,2,27,6.5,60000000.0
1757,Peter O'Toole,11390,2,10752,7.5,190000000.0
1758,Mark Kubr,193946,2,28,6.0,420000000.0
1759,Ben Shenkman,6437,2,35,7.0,20000000.0
1760,Annie Parisse,24291,1,35,6.0,110000000.0
1761,Geoffrey Arend,5375,2,18,6.5,80000000.0
1762,Carlos Alazraqui,59784,2,16,7.0,420000000.0
1763,Annie Corley,6907,1,80,7.0,60000000.0
1764,Tress MacNeille,34983,1,16,6.0,120000000.0
1765,Cree Summer,34985,1,16,6.0,50000000.0
1766,Louis Lombardi,3218,2,80,6.5,140000000.0
1767,Pavel Lychnikoff,52762,2,28,6.0,300000000.0
1768,P. J. Byrne,1211946,2,9648,6.5,130000000.0
1769,Jane Fonda,6352,1,18,6.5,40000000.0
1770,R. D. Call,49832,2,18,7.0,90000000.0
1771,Daniel Roebuck,43774,2,27,6.5,80000000.0
1772,Michael Welch,56676,2,18,5.5,330000000.0
1773,Olivier Rabourdin,49278,2,18,6.5,130000000.0
1774,Jake Weber,4177,2,27,6.5,80000000.0
1775,Diedrich Bader,5727,2,35,6.5,110000000.0
1776,Matt King,23776,2,80,6.5,40000000.0
1777,Steve Eastin,9276,2,27,6.5,130000000.0
1778,David Calder,10779,2,878,6.5,170000000.0
1779,Max Charles,558928,2,28,6.5,390000000.0
1780,Laura Ramsey,51975,1,18,6.0,0.0
1781,Amanda Walker,108620,1,18,6.5,110000000.0
1782,BD Wong,14592,2,53,7.0,520000000.0
1783,Ashley Greene,45827,1,18,6.0,470000000.0
1784,Peter Friedman,54246,2,18,6.5,10000000.0
1785,Sela Ward,6068,1,12,6.5,260000000.0
1786,Vincent Franklin,43024,2,80,7.0,40000000.0
1787,Jane Adams,209,1,18,7.0,10000000.0
1788,David Hewlett,5892,2,9648,6.5,90000000.0
1789,Edward Burns,12833,2,35,6.5,130000000.0
1790,Leelee Sobieski,22290,1,18,6.0,60000000.0
1791,Jack Purvis,132538,2,12,7.5,370000000.0
1792,Anna Levine,3711,1,18,7.0,100000000.0
1793,Don Yesso,172734,2,35,6.0,30000000.0
1794,Camryn Manheim,20187,1,35,6.0,20000000.0
1795,Kevin J. O'Connor,18916,2,18,6.5,40000000.0
1796,Richard Attenborough,4786,2,12,7.0,210000000.0
1797,Benita Ha,75532,1,27,5.5,30000000.0
1798,Lindsay Sloane,41662,1,35,6.0,50000000.0
1799,Paula Jai Parker,45245,1,18,6.5,30000000.0
1800,Tim McInnerny,41043,2,35,6.0,110000000.0
1801,Jonathan Banks,783,2,35,6.5,150000000.0
1802,Muse Watson,17348,2,9648,5.5,70000000.0
1803,Tony Bentley,120253,2,18,6.5,60000000.0
1804,Terry Dale Parks,1576251,2,28,6.0,150000000.0
1805,David Hemmings,15196,2,878,6.5,110000000.0
1806,Gates McFadden,2392,1,53,6.5,80000000.0
1807,Heather Burns,26716,1,35,6.0,80000000.0
1808,Madeline Kahn,29803,1,35,7.0,100000000.0
1809,Henry Goodman,7030,2,18,7.0,410000000.0
1810,Wes Craven,5140,2,9648,6.5,60000000.0
1811,Larry Joshua,21380,2,37,7.0,280000000.0
1812,Erick Avari,18917,2,12,6.0,210000000.0
1813,Beau Starr,42308,2,80,7.0,100000000.0
1814,Antje Traue,43202,1,878,6.0,100000000.0
1815,Jessica Cauffiel,22126,1,35,5.5,60000000.0
1816,Matt McColm,9466,2,53,6.0,160000000.0
1817,Courtney B. Vance,24047,2,53,6.0,130000000.0
1818,Dev Patel,76788,2,18,6.0,110000000.0
1819,Tyler Labine,51383,2,27,6.5,190000000.0
1820,Jim Parsons,5374,2,18,6.5,70000000.0
1821,Kevin Sussman,60633,2,35,6.5,90000000.0
1822,Eric Christian Olsen,29020,2,35,6.0,80000000.0
1823,Donna DuPlantier,230995,1,18,6.5,70000000.0
1824,Analeigh Tipton,124644,1,35,6.0,70000000.0
1825,Esther Scott,154224,1,18,6.5,130000000.0
1826,Geoffrey Blake,148122,2,18,7.0,130000000.0
1827,Richard McCabe,7025,2,18,7.0,180000000.0
1828,Frank Collison,1479,2,18,6.5,40000000.0
1829,Tzi Ma,21629,2,18,6.0,20000000.0
1830,Ric Young,11397,2,80,7.0,110000000.0
1831,James Gammon,16433,2,35,6.5,10000000.0
1832,Kyle MacLachlan,6677,2,18,6.0,190000000.0
1833,Sharon Conley,142374,1,18,7.0,230000000.0
1834,Roberts Blossom,66288,2,18,7.0,150000000.0
1835,Connie Ray,35517,1,18,6.5,50000000.0
1836,Damion Poitier,150194,2,28,7.0,510000000.0
1837,Mia Wasikowska,76070,1,18,6.5,200000000.0
1838,Joan Rivers,14670,1,35,6.5,450000000.0
1839,Harve Presnell,3907,2,10402,6.5,170000000.0
1840,Eileen Davies,192838,1,18,7.0,20000000.0
1841,50 Cent,62644,2,18,6.5,50000000.0
1842,Stephanie Szostak,121953,1,18,6.0,270000000.0
1843,Sophie Okonedo,2598,1,28,6.0,60000000.0
1844,Debra Messing,23959,1,18,6.0,40000000.0
1845,Bonnie Aarons,87287,1,18,7.0,130000000.0
1846,Kevin Cooney,25711,2,18,6.0,160000000.0
1847,Jack Riley,62590,2,16,6.5,30000000.0
1848,Ruby Dee,15532,1,18,6.5,30000000.0
1849,Paul Schneider,15684,2,18,7.0,10000000.0
1850,Rosanna Arquette,2165,1,80,7.0,50000000.0
1851,Jeremy Davies,4654,2,18,7.0,160000000.0
1852,Liza Lapira,51998,1,80,6.5,50000000.0
1853,Ernie Hudson,8874,2,35,6.0,90000000.0
1854,Peter MacKenzie,62597,2,27,6.5,70000000.0
1855,Donald Sumpter,20425,2,80,7.0,30000000.0
1856,Amy Smart,20189,1,53,6.5,40000000.0
1857,Stanley DeSantis,4171,2,18,7.0,10000000.0
1858,Hunter Parrish,35236,2,35,6.5,60000000.0
1859,Mathieu Kassovitz,2406,2,18,7.0,80000000.0
1860,Joe Alaskey,86434,2,16,6.5,190000000.0
1861,Julio Oscar Mechoso,17413,2,18,6.5,100000000.0
1862,Carol Kane,10556,1,35,7.0,30000000.0
1863,Adrian Holmes,33348,2,27,6.0,50000000.0
1864,Talulah Riley,66441,1,18,7.0,240000000.0
1865,Chris Elliott,1534,2,35,6.5,100000000.0
1866,Dick Miller,102441,2,35,6.5,50000000.0
1867,Felicity Huffman,7427,1,18,6.5,-10000000.0
1868,Dominic Purcell,10862,2,53,6.0,90000000.0
1869,John Magaro,37154,2,18,6.5,40000000.0
1870,Richard Harris,194,2,12,7.5,420000000.0
1871,Alistair Petrie,56100,2,18,6.5,20000000.0
1872,Brandon Cyrus,1329572,2,10402,6.5,160000000.0
1873,Cory Hardrict,74302,2,28,6.5,170000000.0
1874,Harold Ramis,1524,2,35,6.5,120000000.0
1875,David Ryall,27822,2,18,6.0,-10000000.0
1876,Shirley MacLaine,4090,1,18,7.0,70000000.0
1877,Chris Tucker,66,2,80,7.0,130000000.0
1878,Max Baker,10960,2,12,6.5,190000000.0
1879,William Hootkins,663,2,12,6.5,300000000.0
1880,Olivia Thirlby,52442,1,18,6.0,70000000.0
1881,Wes Bentley,8210,2,12,7.0,330000000.0
1882,Randy Oglesby,102567,2,10752,6.5,190000000.0
1883,Joanna Lumley,34901,1,16,7.0,130000000.0
1884,Kate Burton,20879,1,18,6.5,20000000.0
1885,Brian Tee,116278,2,80,6.0,410000000.0
1886,David Bamber,26657,2,18,7.0,160000000.0
1887,Haley Ramm,61555,1,35,6.5,90000000.0
1888,Eric Stoltz,7036,2,18,7.5,100000000.0
1889,Matt Lucas,26209,2,35,7.0,290000000.0
1890,Enzo Cilenti,91494,2,18,7.0,250000000.0
1891,Bailee Madison,54479,1,35,6.0,70000000.0
1892,Kal Penn,53493,2,35,5.0,30000000.0
1893,Genevieve O'Reilly,139654,1,53,6.5,290000000.0
1894,Matthew Cornwell,1068811,2,35,6.0,110000000.0
1895,Mac McDonald,33403,2,12,6.5,140000000.0
1896,Robert Hardy,23076,2,12,7.5,620000000.0
1897,Mary McDonnell,1581,1,18,7.0,240000000.0
1898,Pete Docter,12890,2,16,7.5,510000000.0
1899,Ron Eldard,12260,2,18,7.0,100000000.0
1900,Boris Kodjoe,80758,2,27,6.0,100000000.0
1901,Valerie Tian,82791,1,18,6.5,110000000.0
1902,Denise Faye,17641,1,10402,6.5,120000000.0
1903,Bob Clendenin,129661,2,18,6.5,80000000.0
1904,Monica Potter,2140,1,80,6.5,90000000.0
1905,Jennifer Carpenter,53828,1,80,6.0,50000000.0
1906,Anthony Zerbe,2516,2,53,6.5,200000000.0
1907,Nick Stahl,6408,2,9648,6.5,80000000.0
1908,Marco Perella,994259,2,18,7.0,70000000.0
1909,Max Minghella,2978,2,18,6.5,50000000.0
1910,Michelle Trachtenberg,49961,1,18,5.5,30000000.0
1911,Bridget Fonda,2233,1,80,6.5,10000000.0
1912,Rory Kinnear,139549,2,80,6.5,430000000.0
1913,Eva Amurri Martino,56757,1,18,6.0,-0.0
1914,Robert Stanton,53963,2,80,5.5,60000000.0
1915,Leonardo Nam,24200,2,18,6.0,60000000.0
1916,Brittany Snow,29221,1,10402,6.0,90000000.0
1917,Stephen Spinella,57093,2,35,6.5,40000000.0
1918,Louis C.K.,52849,2,35,6.5,230000000.0
1919,Archie Panjabi,128645,1,18,6.5,100000000.0
1920,Philip Pavel,20754,2,35,6.0,60000000.0
1921,David Pasquesi,74487,2,18,6.5,130000000.0
1922,John Gallagher Jr.,17487,2,18,6.5,20000000.0
1923,Michelle Yeoh,1620,1,53,6.5,210000000.0
1924,Don Rickles,7167,2,16,7.5,340000000.0
1925,Peter Serafinowicz,11115,2,35,7.0,300000000.0
1926,Andy Buckley,170635,2,80,6.0,360000000.0
1927,Kenan Thompson,77330,2,35,5.0,150000000.0
1928,Jenette Goldstein,3981,1,18,7.5,460000000.0
1929,Zack Ward,12714,2,27,6.5,180000000.0
1930,Jimmy Fallon,11669,2,18,6.5,290000000.0
1931,Miguel Ferrer,15860,2,28,6.5,470000000.0
1932,Eddie Deezen,42362,2,16,6.5,120000000.0
1933,Jason Biggs,21593,2,35,6.0,90000000.0
1934,Jeff Pidgeon,7882,2,16,7.5,520000000.0
1935,Kiersten Warren,23504,1,35,6.5,170000000.0
1936,Nestor Serrano,14331,2,53,6.5,110000000.0
1937,Joe Mantegna,3266,2,18,6.5,170000000.0
1938,Frank Vincent,7164,2,80,7.5,80000000.0
1939,James Brolin,9274,2,18,6.5,110000000.0
1940,Maximiliano Hernández,1018947,2,28,7.5,440000000.0
1941,Rob Moran,162924,2,35,6.5,190000000.0
1942,James Tolkan,1072,2,35,7.0,250000000.0
1943,Charlotte Gainsbourg,4273,1,18,6.5,50000000.0
1944,Kyle Russell Clements,84756,2,12,6.0,50000000.0
1945,Armand Assante,23346,2,80,6.0,50000000.0
1946,Bai Ling,39126,1,35,6.0,10000000.0
1947,Monica Keena,18315,1,27,6.0,20000000.0
1948,Mireille Enos,175826,1,80,6.5,80000000.0
1949,Amy Irving,27563,1,878,6.0,20000000.0
1950,Merritt Wever,28044,1,18,6.5,110000000.0
1951,Diane Mizota,14390,1,35,6.0,30000000.0
1952,Dick Van Dyke,61303,2,35,6.5,180000000.0
1953,Kaitlin Olson,95102,1,35,6.0,60000000.0
1954,Mary Black,11831,1,878,6.5,110000000.0
1955,David Morrissey,18616,2,18,6.5,-0.0
1956,Michael Paré,60650,2,18,6.0,0.0
1957,Stephen Colbert,58769,2,16,6.5,210000000.0
1958,Taryn Manning,343,1,18,6.5,70000000.0
1959,Powers Boothe,6280,2,80,6.5,280000000.0
1960,Deirdre O'Connell,77013,1,18,7.0,10000000.0
1961,Emjay Anthony,1259762,2,35,6.5,260000000.0
1962,Alex Pettyfer,61363,2,18,6.5,100000000.0
1963,Jillian Armenante,20469,1,18,6.5,200000000.0
1964,Audrey Tautou,2405,1,18,7.0,150000000.0
1965,Arden Myrin,120244,1,35,6.0,70000000.0
1966,Wayne Duvall,1470,2,80,7.0,60000000.0
1967,David Schneider,2065,2,16,6.5,110000000.0
1968,Harvey Korman,13640,2,35,6.0,110000000.0
1969,Ian McDiarmid,27762,2,12,7.0,630000000.0
1970,William Lee Scott,10128,2,9648,7.0,120000000.0
1971,Brian Stepanek,146391,2,12,6.5,180000000.0
1972,Talisa Soto,10680,1,878,5.5,80000000.0
1973,Brian Geraghty,49271,2,18,6.5,50000000.0
1974,Gary Weeks,168875,2,9648,6.0,60000000.0
1975,Maggie Grace,11825,1,80,6.5,280000000.0
1976,Andre B. Blake,552526,2,18,7.0,210000000.0
1977,Mark Ryan,19541,2,28,6.5,630000000.0
1978,George Buck Flower,54564,2,27,7.0,150000000.0
1979,Desmond Harrington,6365,2,27,6.5,170000000.0
1980,Ginnifer Goodwin,417,1,18,6.5,40000000.0
1981,Brianna Brown,52271,1,18,6.0,170000000.0
1982,Troy Robinson,1367499,2,28,6.0,100000000.0
1983,Peter Cullen,19540,2,28,6.0,610000000.0
1984,Kathleen Quinlan,8183,1,18,6.5,100000000.0
1985,Joel McKinnon Miller,88950,2,35,6.5,150000000.0
1986,Ioan Gruffudd,65524,2,18,6.0,450000000.0
1987,Debbi Morgan,88161,1,18,7.0,30000000.0
1988,Mimi Rogers,13920,1,80,6.0,10000000.0
1989,Adam Baldwin,2059,2,28,7.0,170000000.0
1990,Matt O'Leary,71467,2,28,5.5,70000000.0
1991,Jesse Heiman,168872,2,35,6.5,270000000.0
1992,Dennis Franz,11901,2,80,7.0,70000000.0
1993,Dylan Kenin,85419,2,9648,6.5,10000000.0
1994,Linda Hunt,12516,1,18,6.5,100000000.0
1995,Matt Schulze,31841,2,80,6.5,180000000.0
1996,Kate Walsh,61114,1,27,6.5,30000000.0
1997,Jeremy Northam,18325,2,9648,6.5,30000000.0
1998,Steve Speirs,25441,2,12,6.0,360000000.0
1999,Kathy Griffin,3138,1,80,6.5,170000000.0
2000,Reno Wilson,117187,2,28,6.0,620000000.0
2001,James Martin Kelly,162849,2,35,6.5,160000000.0
2002,Ralph Garman,60286,2,35,6.0,130000000.0
2003,Ajay Naidu,1982,2,18,7.0,20000000.0
2004,Alexis Arquette,19578,1,35,6.5,80000000.0
2005,Kath Soucie,60739,1,16,6.0,80000000.0
2006,Domenick Lombardozzi,17941,2,18,6.0,60000000.0
2007,Kevin Connolly,16666,2,18,7.0,90000000.0
2008,Wendy Nottingham,37052,1,18,7.0,50000000.0
2009,Katherine Waterston,77795,1,18,6.5,10000000.0
2010,Dom DeLuise,6844,2,35,6.5,40000000.0
2011,Timothy Hutton,16327,2,18,6.5,10000000.0
2012,Joe Don Baker,10671,2,878,6.5,120000000.0
2013,Ben Falcone,170820,2,35,6.0,60000000.0
2014,Shawn Hatosy,52647,2,18,6.0,20000000.0
2015,Randall Batinkoff,36631,2,28,7.0,100000000.0
2016,Andrew Stanton,7,2,16,7.5,500000000.0
2017,Marylouise Burke,57823,1,18,6.5,20000000.0
2018,Wendi McLendon-Covey,63234,1,35,6.0,80000000.0
2019,Jack O'Connell,85065,2,80,7.0,80000000.0
2020,Skyler Gisondo,61263,2,28,6.0,280000000.0
2021,Brady Corbet,55493,2,18,6.5,0.0
2022,Sienna Miller,23459,1,80,6.5,130000000.0
2023,Jeff Hochendoner,170145,2,9648,6.5,50000000.0
2024,Paul Anderson,220448,2,80,6.5,130000000.0
2025,Theo James,587020,2,12,6.0,110000000.0
2026,Anthony Molinari,202930,2,80,6.5,120000000.0
2027,Tate Donovan,15455,2,18,6.5,70000000.0
2028,Torsten Voges,1238,2,80,6.0,20000000.0
2029,Gil Birmingham,84225,2,18,6.0,320000000.0
2030,Peyton List,1254435,1,35,6.5,160000000.0
2031,Nate Parker,77277,2,18,7.0,50000000.0
2032,Nectar Rose,36137,1,35,6.5,70000000.0
2033,Jenna Fischer,51856,1,35,5.5,10000000.0
2034,Alex Meraz,84217,2,18,6.0,380000000.0
2035,Sylvia Kauders,122239,1,80,6.5,20000000.0
2036,Sid Haig,5695,2,27,6.5,30000000.0
2037,Martin Scorsese,1032,2,18,7.0,90000000.0
2038,Brit Marling,222330,1,18,6.5,10000000.0
2039,Vanessa Ferlito,20491,1,80,6.0,160000000.0
2040,Una Damon,154644,1,28,7.0,180000000.0
2041,Matthew Fox,28657,2,80,6.5,90000000.0
2042,Sean Patrick Thomas,11868,2,18,6.5,40000000.0
2043,John Glover,5589,2,18,6.5,60000000.0
2044,Gregory Peck,8487,2,80,7.0,50000000.0
2045,Geoffrey Lewis,18071,2,80,6.5,0.0
2046,Evan Peters,55089,2,878,6.5,200000000.0
2047,Jane Krakowski,13636,1,16,6.5,180000000.0
2048,Nina Young,58778,1,12,6.5,380000000.0
2049,Chelcie Ross,10486,2,18,6.0,10000000.0
2050,Julie Delpy,1146,1,18,7.5,230000000.0
2051,Steven Mackintosh,978,2,80,7.0,20000000.0
2052,Sebastian Koch,8197,2,18,6.5,90000000.0
2053,Camilla Belle,38670,1,18,6.0,40000000.0
2054,Julianne Hough,143240,1,18,6.5,200000000.0
2055,Eric Stonestreet,156962,2,35,6.0,230000000.0
2056,Charlie Adler,81178,2,28,7.0,630000000.0
2057,Michelle Dockery,70904,1,9648,6.5,60000000.0
2058,Rob LaBelle,42708,2,27,6.5,40000000.0
2059,Anthony Edwards,11085,2,80,7.0,90000000.0
2060,Harvey Fierstein,7420,2,80,6.5,260000000.0
2061,Alison Brie,88029,1,35,6.0,130000000.0
2062,Jackson Rathbone,84215,2,18,5.5,500000000.0
2063,George Kennedy,12950,2,80,6.0,20000000.0
2064,Tamara Tunie,42694,1,18,6.5,40000000.0
2065,Christopher Lambert,38559,2,28,5.5,40000000.0
2066,Ludger Pistor,1088,2,18,7.5,190000000.0
2067,Vyto Ruginis,61216,2,18,6.5,80000000.0
2068,Arron Shiver,105786,2,10752,6.5,30000000.0
2069,Russ Fega,535,2,9648,8.0,420000000.0
2070,Mark Addy,13633,2,35,6.5,70000000.0
2071,Adrian Rawlins,1643,2,12,7.5,760000000.0
2072,Vincent Wong,1257821,2,80,6.5,190000000.0
2073,Chris Owen,26999,2,35,6.0,120000000.0
2074,Dave Legeno,60348,2,18,6.5,230000000.0
2075,James D'Arcy,19655,2,12,6.0,40000000.0
2076,Sebastian Hülk,550554,2,10752,7.0,130000000.0
2077,Ray Park,11007,2,53,5.5,280000000.0
2078,Meat Loaf,7470,2,10402,6.0,40000000.0
2079,Tom Kane,71535,2,35,6.0,260000000.0
2080,John D'Leo,1056523,2,80,6.5,30000000.0
2081,Treat Williams,4515,2,35,7.0,130000000.0
2082,Johnny Harris,32300,2,18,6.5,70000000.0
2083,Dave Chappelle,4169,2,35,6.0,80000000.0
2084,Lenny Kravitz,77069,2,12,7.0,300000000.0
2085,Edward Herrmann,52995,2,18,7.0,70000000.0
2086,Geena Davis,16935,1,35,6.5,90000000.0
2087,James Saito,77155,2,9648,6.5,180000000.0
2088,Richard Edson,6396,2,10752,6.5,50000000.0
2089,Laurence Mason,65141,2,80,7.0,30000000.0
2090,Andrew Wilson,71555,2,18,7.0,10000000.0
2091,Jennifer Beals,3130,1,12,6.0,30000000.0
2092,Vondie Curtis-Hall,6198,2,18,6.0,80000000.0
2093,Bernard White,156739,2,53,6.5,290000000.0
2094,James Frain,22063,2,18,6.5,20000000.0
2095,Robert Portal,121606,2,18,6.5,120000000.0
2096,Scott Menville,113916,2,16,7.0,420000000.0
2097,Kevin Wiggins,1240490,2,10752,6.5,-10000000.0
2098,Aaron Douglas,77222,2,53,6.0,130000000.0
2099,Gary Lewis,480,2,28,6.5,70000000.0
2100,Anthony Stewart Head,34257,2,18,6.0,60000000.0
2101,Dominique Pinon,2413,2,18,7.0,50000000.0
2102,Richard Durden,120833,2,9648,6.5,70000000.0
2103,Caleb Landry Jones,572541,2,18,6.5,130000000.0
2104,Sarah Polley,98,1,27,6.5,10000000.0
2105,Elizabeth McGovern,4513,1,18,7.0,40000000.0
2106,Mark Rolston,6576,2,80,7.0,280000000.0
2107,Stephen Lang,32747,2,10752,6.5,560000000.0
2108,Michael Adamthwaite,63566,2,28,6.0,210000000.0
2109,Ron Canada,85170,2,35,6.5,90000000.0
2110,Rupert Graves,11278,2,18,7.0,20000000.0
2111,Daniel Dae Kim,18307,2,12,6.5,210000000.0
2112,Alex Rocco,20752,2,80,6.5,70000000.0
2113,Eli Roth,16847,2,27,6.0,90000000.0
2114,Robert Wagner,9208,2,80,6.0,120000000.0
2115,Kyra Sedgwick,26467,1,28,6.0,40000000.0
2116,Peter Jason,6916,2,27,6.0,20000000.0
2117,Dee Bradley Baker,23680,2,16,6.0,280000000.0
2118,Jon Bernthal,19498,2,80,7.0,120000000.0
2119,Bernadette Lords,1246221,1,9648,6.5,170000000.0
2120,Jordana Brewster,22123,1,28,6.5,400000000.0
2121,Matthew G. Taylor,59198,2,27,6.5,90000000.0
2122,David O'Hara,2482,2,80,7.0,110000000.0
2123,Xavier Samuel,109438,2,18,6.5,150000000.0
2124,James Garner,16896,2,18,7.0,40000000.0
2125,Dane Rhodes,60874,2,18,6.5,70000000.0
2126,Frances Conroy,4432,1,18,5.5,20000000.0
2127,Asa Butterfield,77996,2,18,6.5,-10000000.0
2128,Jimmy Ortega,4606,2,80,6.0,30000000.0
2129,Al Roker,111875,2,16,6.0,170000000.0
2130,Tom Kemp,58333,2,80,7.0,110000000.0
2131,Rus Blackwell,52483,2,28,6.5,270000000.0
2132,Mackenzie Foy,851784,1,18,7.5,310000000.0
2133,Emily Browning,70456,1,28,6.0,10000000.0
2134,Radivoje Bukvić,230400,2,28,6.0,100000000.0
2135,Dennis Farina,1117,2,80,7.0,130000000.0
2136,Jack Huston,54738,2,18,6.0,180000000.0
2137,Joseph Fiennes,12763,2,18,6.5,80000000.0
2138,Chris O'Donnell,5577,2,80,5.5,110000000.0
2139,Greta Gerwig,45400,1,35,6.0,50000000.0
2140,Dana Ivey,13314,1,35,6.5,100000000.0
2141,Robert Shaye,13663,2,27,6.0,40000000.0
2142,Zachary Quinto,17306,2,28,7.0,140000000.0
2143,Brian Huskey,54728,2,35,6.0,100000000.0
2144,Tom Everett Scott,16857,2,35,6.0,20000000.0
2145,Shawn Ashmore,11023,2,53,6.5,250000000.0
2146,Busy Philipps,60928,1,35,6.0,60000000.0
2147,Joseph Mazzello,4787,2,12,6.5,290000000.0
2148,Isaach De Bankolé,4812,2,53,7.0,110000000.0
2149,Marina Sirtis,2393,1,53,6.5,70000000.0
2150,Scott Mosier,20503,2,35,7.0,10000000.0
2151,Kelly Reilly,17521,1,18,7.0,190000000.0
2152,Snoop Dogg,19767,2,16,6.5,120000000.0
2153,Lou Diamond Phillips,38560,2,18,5.5,-20000000.0
2154,Sarah Gadon,190895,1,18,6.0,130000000.0
2155,Alden Ehrenreich,71375,2,18,6.0,20000000.0
2156,Miley Cyrus,76594,1,18,6.5,80000000.0
2157,Adriana Barraza,270,1,18,6.5,100000000.0
2158,William Atherton,7676,2,28,6.5,150000000.0
2159,Emily Meade,71815,1,9648,6.0,30000000.0
2160,Callan Mulvey,208296,2,28,6.5,350000000.0
2161,Sherri Shepherd,109561,1,35,6.5,50000000.0
2162,Carol Sutton,60877,1,18,6.5,130000000.0
2163,Bob Odenkirk,59410,2,35,5.5,10000000.0
2164,Daniel Stern,11511,2,18,7.0,160000000.0
2165,Jon Stewart,12219,2,9648,6.0,140000000.0
2166,Jillian Bell,1226302,1,35,6.5,100000000.0
2167,Maddie Corman,121757,1,18,6.5,30000000.0
2168,Richard Fitzpatrick,44103,2,18,6.5,60000000.0
2169,Anna Deavere Smith,63279,1,18,6.5,50000000.0
2170,Carl Ciarfalio,42824,2,80,7.0,50000000.0
2171,James Faulkner,9140,2,80,6.5,110000000.0
2172,Julian Wadham,5473,2,18,6.5,80000000.0
2173,Jamie McShane,79079,2,12,7.5,430000000.0
2174,Tatiana Maslany,61134,1,18,6.5,10000000.0
2175,Julene Renee,42286,1,16,6.5,870000000.0
2176,Nicholas Guest,36821,2,35,7.0,430000000.0
2177,Seth Meyers,62856,2,35,6.0,30000000.0
2178,Colin Hanks,3492,2,35,6.0,100000000.0
2179,Ray Romano,15757,2,16,6.5,340000000.0
2180,Anupam Kher,6217,2,18,6.5,60000000.0
2181,Kevin Chapman,4728,2,18,6.5,50000000.0
2182,Mike Mitchell,64151,2,35,6.0,270000000.0
2183,Amber Tamblyn,20354,1,18,6.5,80000000.0
2184,April Grace,10691,1,18,7.0,140000000.0
2185,Tony Nappo,76528,2,80,6.5,70000000.0
2186,Noah Huntley,2050,2,9648,6.5,200000000.0
2187,Allan Corduner,78018,2,18,7.0,80000000.0
2188,Rob Brown,10689,2,18,7.0,180000000.0
2189,Chazz Palminteri,9046,2,80,6.5,70000000.0
2190,Peter Mensah,68278,2,10752,6.5,630000000.0
2191,Iain Glen,20508,2,27,6.0,90000000.0
2192,Katie Cassidy,55775,1,27,6.0,80000000.0
2193,Edward James Olmos,587,2,18,7.0,40000000.0
2194,Chris Wilson,127005,2,28,7.0,250000000.0
2195,John Saxon,11163,2,27,6.5,30000000.0
2196,Joseph Bishara,73417,2,27,6.5,200000000.0
2197,Marcia Jean Kurtz,14548,1,18,7.0,110000000.0
2198,Patrick Gallagher,17837,2,35,6.5,190000000.0
2199,Aaron Stanford,11022,2,53,6.5,120000000.0
2200,Cooper Thornton,162828,2,27,6.5,110000000.0
2201,Lara Grice,94428,1,9648,6.0,50000000.0
2202,James Cosmo,2467,2,12,7.0,210000000.0
2203,Jimmy Bennett,6860,2,18,6.0,90000000.0
2204,Tara Subkoff,61111,1,35,6.0,100000000.0
2205,Bronson Pinchot,4689,2,80,6.5,90000000.0
